city_municipality,population
Aborlan,"35,091"
Abra De Ilog,"31,306"
Abucay,"42,984"
Abulug,"32,497"
Abuyog,"59,571"
Adams,"1,792"
Agdangan,"12,764"
Aglipay,"30,714"
Agno,"29,342"
Agoncillo,"39,101"
Agoo,"63,692"
Aguilar,"45,100"
Aguinaldo,"19,408"
Agutaya,"12,545"
Ajuy,"53,462"
Akbar,"23,098"
Al-Barka,"23,736"
Alabat,"15,936"
Alabel,"88,294"
Alamada,"64,596"
Alaminos (LA),"51,659"
Alaminos (PS),"89,708"
Alang-Alang,"55,235"
Albuera,"46,332"
Alburquerque,"10,540"
Alcala (CG),"38,883"
Alcala (PS),"48,908"
Alcantara (CU),"15,160"
Alcantara (RN),"16,351"
Alcoy,"19,186"
Alegria (CU),"23,300"
Alegria (SN),"16,011"
Aleosan,"39,405"
Alfonso,"51,839"
Alfonso Castaneda,"7,940"
Alfonso Lista,"32,119"
Aliaga,"70,363"
Alicia (BL),"23,517"
Alicia (IA),"73,874"
Alicia (ZS),"39,456"
Alilem,"6,695"
Alimodian,"39,722"
Alitagtag,"25,300"
Allacapan,"33,571"
Allen,"27,043"
Almagro,"8,942"
Almeria,"17,954"
Aloguinsan,"32,100"
Aloran,"27,934"
Altavas,"25,639"
Alubijid,"35,973"
Amadeo,"41,901"
Amai Manabilang,"10,401"
Ambaguio,"15,250"
Amlan,"23,624"
Ampatuan,"28,941"
Amulung,"47,860"
Anahawan,"8,429"
Anao,"12,208"
Anda (BL),"16,462"
Anda (PS),"39,504"
Angadanan,"56,665"
Angat,"65,617"
Angeles,"462,928"
Angono,"113,283"
Anilao,"30,520"
Anini-Y,"22,018"
Antequera,"14,425"
Antipas,"25,304"
Antipolo,"887,399"
Apalit,"117,160"
Aparri,"65,649"
Araceli,"14,909"
Arakan,"48,228"
Arayat,"144,875"
Argao,"78,187"
Aringay,"50,380"
Aritao,"37,225"
Aroroy,"86,168"
Arteche,"16,026"
Asingan,"57,355"
Asipulo,"15,261"
Asturias,"47,857"
Asuncion,"61,893"
Atimonan,"70,698"
Atok,"19,668"
Aurora (IA),"36,621"
Aurora (ZR),"52,995"
Ayungon,"46,303"
Baao,"61,493"
Babatngon,"27,797"
Bacacay,"68,906"
Bacarra,"32,215"
Baclayon,"20,591"
Bacnotan,"43,591"
Baco,"37,215"
Bacolod (LN),"23,034"
Bacolod (NO),"613,996"
Bacolod-Kalawi,"20,841"
Bacolor,"48,066"
Bacong,"36,527"
Bacoor,"664,625"
Bacuag,"14,486"
Bacungan Leon B. Postigo,"27,639"
Badian,"37,912"
Badiangan,"27,056"
Badoc,"32,530"
Bagabag,"35,501"
Bagac,"33,710"
Bagamanoc,"11,551"
Baganga,"56,241"
Baggao,"82,782"
Bago,"191,210"
Baguio,"345,366"
Bagulin,"13,456"
Bagumbayan,"67,061"
Bais,"76,291"
Bakun,"15,357"
Balabac,"40,142"
Balabagan,"26,819"
Balagtas,"77,018"
Balamban,"95,136"
Balanga,"104,173"
Balangiga,"12,756"
Balangkayan,"10,125"
Balaoan,"41,614"
Balasan,"35,064"
Balatan,"30,922"
Balayan,"90,699"
Balbalan,"12,195"
Baleno,"26,096"
Baler,"43,785"
Balete (AK),"30,090"
Balete (BS),"22,661"
Baliangao,"17,092"
Baliguian,"23,771"
Balilihan,"17,903"
Balindong,"29,180"
Balingasag,"67,059"
Balingoan,"11,051"
Baliwag,"168,470"
Ballesteros,"34,299"
Baloi,"58,383"
Balud,"38,124"
Balungao,"30,006"
Bamban,"78,260"
Bambang,"53,433"
Banate,"33,376"
Banaue,"21,837"
Banaybanay,"44,451"
Banayoyo,"7,748"
Banga (AK),"40,318"
Banga (SC),"83,989"
Bangar,"38,041"
Bangued,"48,163"
Bangui,"14,672"
Bani,"52,603"
Banisilan,"43,677"
Banna,"19,438"
Bansalan,"70,440"
Bansud,"40,992"
Bantay,"35,731"
Bantayan Island,"79,084"
Banton,"5,536"
Baras (CT),"12,848"
Baras (RL),"87,637"
Barbaza,"22,704"
Barcelona,"22,722"
Barili,"80,715"
Barira,"36,143"
Barlig,"4,819"
Barobo,"53,146"
Barotac Nuevo,"58,176"
Barotac Viejo,"48,614"
Baroy,"22,600"
Barugo,"32,745"
Basay,"26,566"
Basco,"8,579"
Basey,"55,480"
Basilisa,"36,880"
Basista,"37,679"
Basud (CN),"41,017"
Batac,"55,484"
Batad,"22,157"
Batan,"33,484"
Batangas,"329,874"
Bataraza,"75,468"
Bato (CS),"52,137"
Bato (CT),"21,279"
Bato (LE),"38,356"
Batuan (BL),"12,767"
Batuan (MS),"15,086"
Bauan,"90,819"
Bauang,"78,449"
Bauko,"32,021"
Baungon,"37,111"
Bautista,"32,307"
Bay,"62,143"
Bayabas,"8,979"
Bayambang,"129,011"
Bayang,"23,965"
Bayawan,"117,900"
Baybay,"109,432"
Bayog,"34,519"
Bayombong,"61,512"
Bayugan,"103,202"
Belison,"13,539"
Benito Soliven,"30,190"
Besao,"7,040"
Bien Unido,"27,115"
Bilar,"17,590"
Biliran,"17,662"
Binalbagan,"67,270"
Binalonan,"54,555"
Binan,"333,028"
Binangonan,"313,631"
Bindoy,"39,819"
Bingawan,"16,164"
Binidayan,"22,079"
Binmaley,"86,881"
Binuangan,"8,999"
Biri,"11,767"
Bislig,"99,290"
Boac,"54,730"
Bobon,"28,481"
Bocaue,"141,412"
Bogo,"88,867"
Bokod,"14,435"
Bolinao,"92,494"
Boliney,"3,573"
Boljoon,"17,525"
Bombon,"16,512"
Bongabon,"66,839"
Bongabong,"72,073"
Bongao,"116,118"
Bonifacio,"32,345"
Bontoc (MP),"24,643"
Bontoc (SL),"29,799"
Borbon,"42,200"
Borongan,"66,419"
Boston,"14,380"
Botolan,"66,739"
Braulio E. Dujali,"30,104"
Buadiposo-Buntong,"16,130"
Bubong,"22,336"
Bucay,"17,115"
Bucloc,"2,501"
Buenavista (AN),"68,892"
Buenavista (BL),"27,261"
Buenavista (GS),"50,437"
Buenavista (ME),"23,988"
Buenavista (QN),"30,160"
Bugallon,"74,962"
Bugasong,"33,642"
Buguey,"30,175"
Buguias,"43,627"
Buhi,"77,143"
Bula,"69,430"
Bulakan,"81,232"
Bulalacao,"39,107"
Bulan,"105,190"
Buldon,"39,684"
Buluan,"57,406"
Bulusan,"22,884"
Bunawan,"49,722"
Burauen,"52,511"
Burdeos,"24,644"
Burgos (IA),"28,603"
Burgos (IN),"10,978"
Burgos (IS),"12,224"
Burgos (LU),"8,067"
Burgos (PS),"23,749"
Burgos (SN),"4,034"
Buruanga,"19,357"
Bustos,"77,199"
Busuanga,"22,046"
Butig,"19,302"
Butuan,"372,910"
Buug,"38,425"
Caba,"22,039"
Cabadbaran,"80,354"
Cabagan,"53,897"
Cabanatuan,"327,325"
Cabangan,"28,118"
Cabanglasan,"33,997"
Cabarroguis,"33,533"
Cabatuan (IA),"39,990"
Cabatuan (IO),"61,110"
Cabiao,"85,862"
Cabucgayan,"21,542"
Cabugao,"37,501"
Cabusao,"18,397"
Cabuyao,"308,745"
Cadiz,"158,544"
Cagayan De Oro,"675,950"
Cagayancillo,"7,242"
Cagdianao,"16,808"
Cagwait,"21,747"
Caibiran,"24,167"
Cainta,"376,933"
Cajidiocan,"21,861"
Calabanga,"83,033"
Calaca,"81,859"
Calamba (LA),"454,486"
Calamba (MC),"23,227"
Calanasan,"12,604"
Calanogas,"13,750"
Calapan,"133,893"
Calape,"30,863"
Calasiao,"95,154"
Calatagan,"56,449"
Calatrava (NO),"80,624"
Calatrava (RN),"11,342"
Calauag,"71,809"
Calauan,"87,693"
Calayan,"16,702"
Calbayog,"189,632"
Calbiga,"22,982"
Calinog,"62,853"
Calintaan,"29,826"
Caloocan,"166,158"
Calubian,"31,228"
Calumpit,"118,471"
Caluya,"35,496"
Camalaniugan,"24,923"
Camalig,"66,904"
Camaligan,"24,109"
Camiling,"87,319"
Can-Avid,"23,272"
Canaman,"36,205"
Candaba,"119,497"
Candelaria (QN),"137,881"
Candelaria (ZA),"30,263"
Candijay,"30,119"
Candon,"60,623"
Candoni,"22,157"
Canlaon,"58,822"
Cantilan,"34,060"
Caoayan,"19,861"
Capalonga,"32,215"
Capas,"156,056"
Capoocan,"33,617"
Capul,"12,679"
Caraga,"40,379"
Caramoan,"51,728"
Caramoran,"32,114"
Carasi,"1,567"
Carcar,"136,453"
Cardona,"50,143"
Carigara,"54,656"
Carles,"72,637"
Carmen (AN),"20,839"
Carmen (BL),"46,306"
Carmen (CU),"57,897"
Carmen (DN),"80,292"
Carmen (NC),"95,921"
Carmen (SS),"11,720"
Carmona,"106,256"
Carranglan,"42,420"
Carrascal,"24,586"
Casiguran (AU),"26,564"
Casiguran (SO),"35,602"
Castilla,"57,827"
Castillejos,"67,889"
Cataingan,"51,041"
Catanauan,"72,752"
Catarman (CM),"17,569"
Catarman (NS),"94,037"
Catbalogan,"103,879"
Cateel,"44,207"
Catigbian,"22,675"
Catmon,"30,471"
Catubig,"36,324"
Cauayan (IA),"143,403"
Cauayan (NO),"102,165"
Cavinti,"23,980"
Cavite,"100,674"
Cawayan,"69,265"
Cebu,"964,169"
Cervantes,"19,449"
Clarin (BL),"20,301"
Clarin (MC),"37,548"
Claver,"32,773"
Claveria (CG),"29,921"
Claveria (MO),"57,132"
Claveria (MS),"43,693"
Columbio,"33,258"
Compostela (CU),"47,898"
Compostela (DDO),"102,828"
Concepcion,"10,937"
Concepcion (IO),"44,633"
Concepcion (RN),"4,037"
Concepcion (TC),"169,953"
Conner,"26,051"
Consolacion,"148,012"
Corcuera,"10,283"
Cordon,"46,677"
Cordova,"70,595"
Corella,"9,479"
Coron,"51,803"
Cortes (BL),"16,954"
Cortes (SS),"17,924"
Cotabato,"328,343"
Cuartero,"27,408"
Cuenca,"36,325"
Culaba,"12,972"
Culasi,"41,228"
Culion,"20,139"
Currimao,"12,184"
Cuyapo,"68,066"
Cuyo,"22,360"
Daan Bantayan,"84,430"
Daet,"104,799"
Dagami,"35,147"
Dagohoy,"19,158"
Daguioman,"2,088"
Dagupan,"171,271"
Dalaguete,"67,497"
Damulog,"30,302"
Danao (BL),"17,890"
Danao (CU),"136,471"
Dangcagan,"23,723"
Danglas,"4,192"
Dao,"32,496"
Dapa,"36,144"
Dapitan,"85,202"
Daraga,"126,595"
Daram,"41,608"
Dasmarinas,"703,141"
Dasol,"31,355"
Datu Abdullah Sangki,"30,117"
Datu Anggal Midtimbang,"28,224"
Datu Blah Sinsuat,"28,243"
Datu Hoffer Ampatuan,"26,660"
Datu Odin Sinsuat,"116,768"
Datu Paglas,"33,682"
Datu Piang,"28,380"
Datu Salibo,"18,795"
Datu Saudi-Ampatuan,"31,060"
Datu Unsay,"12,890"
Dauin,"27,786"
Dauis,"45,663"
Davao,"1,632,991"
Del Carmen,"23,459"
Del Gallego,"25,397"
Delfin Albano,"29,928"
Diadi,"18,122"
Diffun,"56,102"
Digos,"169,393"
Dilasag,"17,102"
Dimasalang,"26,192"
Dimataling,"31,340"
Dimiao,"14,364"
Dinagat,"10,632"
Dinalungan,"12,930"
Dinalupihan,"118,209"
Dinapigue,"5,821"
Dinas,"36,291"
Dingalan,"27,878"
Dingle,"45,965"
Dingras,"38,562"
Dipaculao,"33,131"
Diplahan,"32,585"
Dipolog,"138,141"
Ditsaan-Ramain,"22,299"
Divilacan,"5,877"
Dolores (AA),"11,315"
Dolores (ES),"42,866"
Dolores (QN),"32,514"
Don Carlos,"66,959"
Don Marcelino,"44,554"
Don Victoriano Chiongbian,"10,183"
Dona Remedios Trinidad,"28,656"
Donsol,"52,181"
Duenas,"34,597"
Duero,"17,876"
Dulag,"48,992"
Dumaguete,"131,377"
Dumalag,"29,466"
Dumalinao,"32,928"
Dumalneg,"2,947"
Dumangas,"73,899"
Dumanjug,"57,823"
Dumaran,"23,734"
Dumarao,"49,506"
Dumingag,"48,881"
Dupax Del Norte,"27,514"
Dupax Del Sur,"19,111"
E. B. Magalona,"64,290"
Echague,"88,410"
El Nido,"41,606"
El Salvador,"58,823"
Enrile,"35,834"
Enrique Villanueva,"6,104"
Escalante,"94,070"
Esperanza (AS),"54,801"
Esperanza (MS),"18,568"
Esperanza (SK),"66,095"
Estancia,"53,200"
Famy,"16,587"
Ferrol,"6,964"
Flora,"17,391"
Floridablanca,"135,542"
Gabaldon,"38,958"
Gainza,"11,262"
Galimuyod,"10,748"
Gamay,"23,511"
Gamu,"30,655"
Ganassi,"23,016"
Gandara,"34,434"
Gapan,"122,968"
Garchitorena,"27,010"
Garcia-Hernandez,"24,194"
Gasan,"34,828"
Gattaran,"56,661"
Gen S.K Pendatun,"31,263"
Gen. Emilio Aguinaldo,"23,973"
Gen. Mariano Alvarez,"155,143"
General Luna  (SN),"16,771"
General Luna (QN),"24,804"
General Macarthur,"14,411"
General Mamerto Natividad,"44,311"
General Nakar,"34,225"
General Santos,"594,446"
General Tinio,"55,925"
General Trias,"450,583"
Gerona,"94,485"
Getafe,"30,955"
Gigaquit,"20,864"
Gigmoto,"8,712"
Ginatilan,"16,026"
Gingoog,"159,348"
Giporlos,"13,117"
Gitagum,"17,920"
Glan,"118,263"
Gloria,"45,073"
Goa,"71,368"
Godod,"17,510"
Gonzaga,"38,892"
Governor Generoso,"55,109"
Gregorio Del Pilar,"5,152"
Guagua,"128,893"
Gubat,"59,534"
Guiguinto (BU),"113,415"
Guihulngan,"95,969"
Guimba,"127,653"
Guimbal,"35,022"
Guinayangan,"45,155"
Guindulman,"32,408"
Guindulungan,"24,933"
Guinobatan,"82,361"
Guinsiliban,"6,685"
Guipos,"21,738"
Guiuan,"53,361"
Gumaca,"73,877"
Gutalac,"36,090"
Hadji Mohammad Ajul,"24,625"
Hadji Muhtamad,"26,867"
Hadji Panglima Tahil,"6,375"
Hagonoy (BU),"133,448"
Hagonoy (DS),"56,919"
Hamtic,"48,592"
Hermosa,"77,443"
Hernani,"8,573"
Hilongos,"71,284"
Himamaylan,"120,128"
Hinabangan,"13,673"
Hinatuan,"43,841"
Hindang,"20,924"
Hingyon,"9,227"
Hinigaran,"85,602"
Hinobaan,"62,655"
Hinunangan,"29,149"
Hinundayan,"12,398"
Hungduan,"9,400"
Iba,"55,581"
Ibaan,"58,507"
Ibajay,"52,364"
Igacos,"104,123"
Igbaras,"32,197"
Iguig,"31,862"
Ilagan,"163,482"
Iligan,"363,115"
Ilog,"57,389"
Iloilo,"457,626"
Imelda,"26,020"
Impasug-Ong,"47,859"
Imus,"403,785"
Inabanga,"45,880"
Indanan,"80,883"
Indang,"65,599"
Infanta (PS),"24,584"
Infanta (QN),"69,079"
Initao,"32,370"
Inopacan,"20,550"
Ipil,"89,401"
Iriga,"111,757"
Irosin,"56,267"
Isabel,"46,915"
Isabela (BAS),"130,379"
Isabela (NO),"62,146"
Isulan,"90,682"
Itbayat,"2,867"
Itogon,"59,820"
Ivana,"1,327"
Ivisan,"31,278"
Jabonga,"24,855"
Jaen,"79,189"
Jagna,"33,892"
Jalajala,"34,017"
Jamindan,"38,670"
Janiuay,"66,786"
Jaro,"43,199"
Jasaan,"54,478"
Javier,"25,379"
Jiabong,"18,342"
Jimalalud,"30,945"
Jimenez,"28,909"
Jipapad,"8,439"
Jolo,"125,564"
Jomalig,"7,417"
Jones,"49,237"
Jordan,"36,096"
Jose Abad Santos,"76,332"
Jose Dalman,"28,881"
Jose Panganiban,"63,662"
Josefina,"12,205"
Jovellar,"17,308"
Juban,"34,431"
Julita,"15,114"
Kabacan,"93,822"
Kabankalan,"181,977"
Kabasalan,"46,884"
Kabayan,"15,260"
Kabugao,"15,537"
Kabuntalan,"25,439"
Kadingilan,"33,778"
Kalamansig,"49,059"
Kalawit,"23,812"
Kalayaan (LA),"23,269"
Kalayaan (PN),184
Kalibo,"89,127"
Kalilangan,"41,601"
Kalingalan Caluang,"31,567"
Kananga,"56,575"
Kapai,"18,894"
Kapalong,"81,068"
Kapangan,"19,361"
Kapatagan (LN),"62,853"
Kapatagan (LS),"15,521"
Kasibu,"37,705"
Katipunan,"44,661"
Kauswagan,"26,278"
Kawayan,"20,455"
Kawit,"107,535"
Kayapa,"23,714"
Kiamba,"65,774"
Kiangan,"17,048"
Kibawe,"39,612"
Kiblawan,"48,897"
Kibungan,"17,292"
Kidapawan,"140,195"
Kinoguitan,"14,091"
Kitaotao,"50,260"
Kitcharao,"18,659"
Kolambugan,"27,005"
Koronadal,"174,942"
Kumalarang,"29,479"
La Carlota,"64,469"
La Castellana,"74,855"
La Libertad (NR),"38,602"
La Libertad (ZN),"8,119"
La Paz (AA),"15,437"
La Paz (AS),"28,217"
La Paz (LE),"19,998"
La Paz (TC),"68,952"
La Trinidad,"129,133"
Laak,"73,874"
Labangan,"44,262"
Labason,"43,934"
Labo,"111,135"
Labrador,"26,811"
Lacub,"3,403"
Lagangilang,"14,255"
Lagawe,"19,333"
Lagayan,"4,499"
Lagonglong,"27,441"
Lagonoy,"55,465"
Laguindingan,"26,363"
Lake Sebu,"87,442"
Lakewood,"21,559"
Lala,"73,425"
Lallo,"44,506"
Lambayong,"77,013"
Lambunao,"81,236"
Lamitan,"100,150"
Lamut,"25,279"
Langiden,"3,198"
Languyan,"37,096"
Lantapan,"61,776"
Lantawan,"31,040"
Lanuza,"13,642"
Laoac,"34,128"
Laoag,"111,125"
Laoang,"61,359"
Lapinig,"13,020"
Lapu Lapu,"497,604"
Lapuyan,"27,737"
Larena,"13,847"
Las Navas,"37,947"
Las Nieves,"30,240"
Las Pinas,"606,293"
Lasam,"39,135"
Laua-An,"26,072"
Laur,"38,263"
Laurel,"43,210"
Lavezares,"28,770"
Lawaan,"12,742"
Lazi,"22,488"
Lebak,"88,868"
Leganes,"34,725"
Legazpi,"209,533"
Lemery (BS),"93,186"
Lemery (IO),"31,414"
Leon,"51,990"
Leyte,"40,639"
Lezo,"15,639"
Lian,"52,660"
Lianga,"33,869"
Libacao,"28,272"
Libagon,"15,244"
Libertad (AE),"16,429"
Libertad (MO),"12,354"
Libjo,"17,760"
Libmanan,"108,716"
Libon,"75,172"
Libona,"43,969"
Libungan,"48,768"
Licab,"29,269"
Licuan-Baay,"4,689"
Lidlidda,"4,647"
Ligao,"111,399"
Lila,"12,257"
Liliw,"39,491"
Liloan (CU),"153,197"
Liloan (SL),"24,800"
Liloy,"42,213"
Limasawa,"6,191"
Limay,"78,272"
Linamon,"21,269"
Linapacan,"15,668"
Lingayen,"107,728"
Lingig,"35,142"
Lipa,"400,000"
Llanera,"42,281"
Llorente,"20,149"
Loay,"16,691"
Lobo,"41,504"
Loboc,"17,418"
Looc (OM),"7,802"
Looc (RN),"21,799"
Loon,"43,034"
Lope De Vega,"14,904"
Lopez,"94,657"
Lopez Jaena,"25,055"
Loreto (AS),"42,501"
Loreto (DI),"9,309"
Los Banos,"112,008"
Luba,"6,339"
Lubang,"17,437"
Lubao,"173,502"
Lubuagan,"8,733"
Lucban,"51,475"
Lucena,"278,924"
Lugait,"21,033"
Lugus,"21,897"
Luisiana,"20,859"
Lumba-Bayabao,"36,151"
Lumbaca-Unayan,"7,260"
Lumban,"30,652"
Lumbatan,"19,105"
Lumbayanague,"16,372"
Luna (AO),"19,063"
Luna (IA),"20,697"
Luna (LU),"37,318"
Lupao,"45,917"
Lupi,"35,225"
Lupon,"66,979"
Lutayan,"63,029"
Luuk,"32,162"
Ma-Ayon,"40,827"
Maasim,"64,940"
Maasin (IO),"38,461"
Maasin (SL),"87,446"
Mabalacat,"293,244"
Mabinay,"78,864"
Mabini (BL),"27,171"
Mabini (BS),"50,670"
Mabini (CV),"41,102"
Mabini (PS),"26,454"
Mabitac,"20,530"
Mabuhay,"37,390"
Macabebe,"78,151"
Macalelon,"28,188"
Macarthur,"21,211"
Maco,"81,277"
Maconacon,"3,977"
Macrohon,"26,580"
Madalag,"18,890"
Madalum,"23,127"
Madamba,"17,756"
Maddela,"40,943"
Madrid,"16,653"
Madridejos,"36,429"
Magalang,"124,188"
Magallanes (AN),"22,293"
Magallanes (CE),"22,727"
Magallanes (SO),"37,411"
Magarao,"25,694"
Magdalena,"27,816"
Magdiwang,"15,385"
Magpet,"49,201"
Magsaysay (DS),"56,264"
Magsaysay (LN),"19,019"
Magsaysay (MO),"41,789"
Magsaysay (OM),"36,016"
Magsaysay (PN),"12,196"
Magsingal,"30,792"
Maguing,"24,531"
Mahaplag,"27,865"
Mahatao,"1,555"
Mahayag,"48,258"
Mahinog,"14,038"
Maigo,"21,666"
Maimbung,"37,914"
Mainit,"28,019"
Maitum,"44,595"
Majayjay,"27,792"
Makati,"629,616"
Makato,"29,717"
Makilala,"83,851"
Malabang,"43,957"
Malabon,"380,522"
Malabuyoc,"19,373"
Malalag,"40,022"
Malangas,"32,022"
Malapatan,"80,741"
Malasiqui,"130,275"
Malay,"60,077"
Malaybalay,"174,625"
Malibcong,"3,428"
Malilipot,"37,785"
Malimono,"18,054"
Malinao (AK),"24,517"
Malinao (AY),"45,301"
Malita,"117,746"
Malitbog (BK),"24,453"
Malitbog (SL),"23,256"
Mallig,"34,912"
Malolos,"261,189"
Malungon,"105,465"
Maluso,"45,730"
Malvar,"56,270"
Mamasapano,"27,807"
Mambajao,"41,094"
Mamburao,"42,975"
Mambusao,"40,690"
Manabo,"10,761"
Manaoag,"76,045"
Manapla,"56,217"
Manay,"39,572"
Mandaluyong,"425,758"
Mandaon,"41,262"
Mandaue,"402,000"
Mangaldan,"113,185"
Mangatarem,"73,241"
Mangudadatu,"26,203"
Manila,"184,651"
Manito,"24,707"
Manjuyod,"42,332"
Mankayan,"35,953"
Manolo Fortich,"100,210"
Mansalay,"54,533"
Manticao,"32,977"
Manukan,"36,887"
Mapanas,"14,025"
Mapandan,"38,234"
Mapun,"30,038"
Marabut,"16,962"
Maragondon,"37,720"
Maragusan,"60,842"
Maramag,"102,089"
Marantao,"32,974"
Marawi,"201,785"
Marcos,"18,010"
Margosatubig,"38,660"
Maria,"13,828"
Maria Aurora,"44,958"
Maribojoc,"20,688"
Marihatag,"19,441"
Marikina,"488,637"
Marilao,"254,453"
Maripipi,"6,713"
Mariveles,"149,879"
Marogong,"21,319"
Masantol,"57,990"
Masbate,"104,522"
Masinloc,"54,529"
Masiu,"29,176"
Maslog,"5,407"
Mataasnakahoy,"29,187"
Matag-Ob,"17,522"
Matalam,"79,361"
Matalom,"33,121"
Matanao,"56,755"
Matanog,"36,034"
Mati,"147,547"
Matnog,"49,989"
Matuguinao,"8,466"
Matungao,"14,756"
Mauban,"71,081"
Mawab,"37,065"
Mayantoc,"32,597"
Maydolong,"14,743"
Mayorga,"17,161"
Mayoyao,"17,331"
Medellin,"55,332"
Medina,"32,907"
Mendez,"34,879"
Mercedes,"50,841"
Mercedes (ES),"6,070"
Merida,"33,152"
Mexico,"173,403"
Meycauayan,"225,673"
Miag-ao,"68,115"
Midsalip,"33,711"
Midsayap,"151,684"
Milagros,"57,473"
Milaor,"31,150"
Mina,"24,042"
Minalabac,"52,390"
Minalin,"48,380"
Minglanilla,"132,135"
Mlang,"95,070"
Moalboal,"31,130"
Mobo,"38,813"
Mogpog,"34,043"
Moises Padilla,"41,386"
Molave,"53,140"
Moncada,"62,819"
Mondragon,"38,726"
Monkayo,"100,717"
Monreal,"26,614"
Montevista,"44,389"
Morong (BN),"35,394"
Morong (RL),"71,151"
Motiong,"15,276"
Mulanay,"53,123"
Mulondo,"16,067"
Munai,"32,973"
Muntinlupa,"543,445"
Murcia,"88,868"
Mutia,"11,726"
Naawan,"21,213"
Nabas,"40,632"
Nabua,"83,874"
Nabunturan,"82,234"
Naga (CS),"209,170"
Naga (CU),"115,750"
Naga (ZS),"41,743"
Nagbukel,"5,259"
Nagcarlan,"63,057"
Nagtipunan,"25,399"
Naguilian (IA),"33,788"
Naguilian (LU),"54,221"
Naic,"160,987"
Nampicuan,"14,471"
Narra,"73,212"
Narvacan,"44,006"
Nasipit,"41,957"
Nasugbu,"134,113"
Natividad,"24,299"
Natonin,"10,339"
Naujan,"102,998"
Naval,"58,187"
Navotas,"247,543"
New Bataan,"47,726"
New Corella,"54,844"
New Lucena,"24,314"
New Washington,"47,955"
Norala,"46,642"
Northern Kabuntalan,"26,277"
Norzagaray,"136,064"
Noveleta,"45,846"
Nueva Era,"11,968"
Nueva Valencia,"39,810"
Numancia,"35,693"
Nunungan,"18,367"
Oas,"67,960"
Obando,"59,978"
Ocampo,"45,934"
Odiongan,"45,367"
Old Panamao,"40,998"
Olongapo,"260,317"
Olutanga,"38,438"
Omar,"25,116"
Opol,"66,327"
Orani,"70,342"
Oras,"36,540"
Orion,"60,771"
Ormoc,"215,031"
Oroquieta,"72,992"
Oslob,"27,893"
Oton,"98,509"
Ozamiz,"140,334"
Padada,"29,583"
Padre Burgos (QN),"22,460"
Padre Burgos (SL),"11,159"
Padre Garcia,"48,302"
Paete,"25,096"
Pagadian,"210,452"
Pagagawan,"37,314"
Pagalungan,"46,277"
Pagayawan,"13,139"
Pagbilao,"78,700"
Paglat,"18,727"
Pagsanghan,"7,959"
Pagsanjan,"42,164"
Pagudpud,"24,835"
Pakil,"24,800"
Palanan,"17,993"
Palanas,"26,222"
Palapag,"34,286"
Palauig,"39,784"
Palayan,"45,383"
Palimbang,"90,424"
Palo,"70,052"
Palompon,"58,108"
Paluan,"16,025"
Pambujan,"35,532"
Pamplona (CG),"23,596"
Pamplona (CS),"39,333"
Pamplona (NR),"37,596"
Panabo,"194,977"
Panaon,"10,209"
Panay,"48,890"
Pandag,"26,356"
Pandami,"25,885"
Pandan (AE),"34,333"
Pandan (CT),"20,516"
Pandi,"155,115"
Panganiban,"9,713"
Pangantucan,"53,126"
Pangil,"25,026"
Panglao,"33,553"
Panglima Estino,"28,817"
Panglima Sugala,"48,055"
Pangutaran,"30,613"
Paniqui,"103,003"
Panitan,"42,565"
Pantabangan,"31,763"
Pantao Ragat,"27,866"
Pantar,"21,773"
Pantukan,"85,899"
Panukulan,"16,376"
Paoay,"25,001"
Paombong,"55,696"
Paracale,"59,149"
Paracelis,"28,121"
Paranaque,"701,101"
Paranas,"32,374"
Parang (MA),"102,914"
Parang (SU),"62,172"
Pasacao,"53,461"
Pasay,"440,656"
Pasig,"803,159"
Pasil,"9,644"
Passi,"88,873"
Pastrana,"19,359"
Pasuquin,"28,980"
Pata,"22,163"
Pateros,"63,840"
Patikul,"62,287"
Patnanungan,"14,606"
Patnongon,"37,176"
Pavia,"70,388"
Payao,"34,952"
Penablanca,"48,584"
Penaranda,"32,269"
Penarrubia,"6,640"
Perez,"12,767"
Piagapo,"25,440"
Piat,"23,597"
Picong,"16,615"
Piddig,"21,497"
Pidigan,"12,185"
Pigcawayan,"66,796"
Pikit,"154,441"
Pila,"50,289"
Pilar (AA),"10,223"
Pilar (BL),"27,256"
Pilar (BN),"46,239"
Pilar (CU),"12,506"
Pilar (CZ),"47,100"
Pilar (SN),"9,752"
Pilar (SO),"74,564"
Pili,"89,545"
Pililla,"71,535"
Pinabacdao,"18,252"
Pinamalayan,"86,172"
Pinamungajan,"75,131"
Pinan,"20,221"
Pinili,"17,300"
Pintuyan,"10,202"
Pinukpuk,"34,275"
Pio Duran,"46,693"
Pio V Corpuz,"23,236"
Pitogo (QN),"22,798"
Pitogo (ZR),"27,516"
Placer (MS),"55,826"
Placer (SN),"27,094"
Plaridel (BU),"114,432"
Plaridel (MC),"40,324"
Plaridel (QN),"10,129"
Pola,"34,701"
Polanco,"42,265"
Polangui,"88,221"
Polillo,"31,908"
Polomolok,"172,605"
Pontevedra (CZ),"46,428"
Pontevedra (NO),"54,502"
Poona Bayabao,"22,227"
Poona Piagapo,"27,018"
Porac,"140,751"
Poro,"25,212"
Pototan,"78,298"
Pozorrubio,"74,729"
Presentacion,"22,591"
President Garcia,"23,356"
President Quirino,"41,408"
President Roxas (CZ),"31,269"
President Roxas (NC),"47,575"
Prieto Diaz,"22,442"
Prosperidad,"82,631"
Pualas,"12,866"
Pudtol,"14,925"
Puerto Galera,"36,606"
Puerto Princesa,"307,079"
Pugo,"19,690"
Pulilan,"108,836"
Pulupandan,"27,735"
Pura,"25,781"
Quezon (BK),"104,116"
Quezon (IA),"29,299"
Quezon (MM),"2,960,048"
Quezon (NE),"41,845"
Quezon (NV),"21,056"
Quezon (PN),"60,980"
Quezon (QN),"15,228"
Quinapondan,"14,779"
Quirino (IA),"24,501"
Quirino (IS),"8,573"
R.T. Lim,"43,575"
Ragay,"58,214"
Rajah Buayan,"27,832"
Ramon,"56,523"
Ramon Magsaysay,"27,280"
Ramos,"22,879"
Rapu-Rapu,"36,920"
Real,"35,979"
Reina Mercedes,"27,900"
Remedios T. Romualdez,"16,058"
Rizal (CG),"17,994"
Rizal (KA),"20,550"
Rizal (LA),"18,332"
Rizal (NE),"70,196"
Rizal (OM),"38,263"
Rizal (PN),"50,096"
Rizal (ZN),"15,052"
Rodriguez,"443,954"
Romblon,"40,554"
Ronda,"20,360"
Rosales,"75,353"
Rosario (AS),"46,683"
Rosario (BS),"116,764"
Rosario (CE),"110,706"
Rosario (LU),"55,458"
Rosario (NS),"10,520"
Roxas (CZ),"179,292"
Roxas (IA),"65,839"
Roxas (OR),"53,201"
Roxas (PN),"65,358"
Roxas (ZN),"39,198"
Sabangan,"9,315"
Sablan,"11,457"
Sablayan,"83,169"
Sabtang,"1,621"
Sadanga,"8,799"
Sagada,"11,127"
Sagay (CM),"12,826"
Sagay (NO),"146,264"
Sagbayan,"22,339"
Sagnay,"34,546"
Saguday,"17,137"
Saguiaran,"24,619"
Saint Bernard,"28,414"
Salay,"36,993"
Salcedo (ES),"22,532"
Salcedo (IS),"11,288"
Sallapadan,"6,622"
Salug,"32,134"
Salvador,"31,845"
Salvador Benedicto,"25,662"
Samal,"38,302"
Samboan,"20,373"
Sampaloc,"13,907"
San Agustin (IA),"22,880"
San Agustin (RN),"24,115"
San Agustin (SS),"22,855"
San Andres (CT),"38,480"
San Andres (QN),"35,780"
San Andres (RN),"15,940"
San Antonio (NE),"83,060"
San Antonio (NS),"9,058"
San Antonio (QN),"35,891"
San Antonio (ZA),"37,450"
San Benito,"5,404"
San Carlos (NO),"132,650"
San Carlos (PS),"205,424"
San Clemente,"13,181"
San Dionisio,"39,048"
San Emilio,"7,407"
San Enrique (IO),"36,911"
San Enrique (NO),"23,907"
San Esteban,"8,349"
San Fabian,"87,428"
San Felipe,"25,033"
San Fernando (BK),"56,138"
San Fernando (CS),"35,258"
San Fernando (CU),"72,224"
San Fernando (LU),"121,812"
San Fernando (MS),"23,057"
San Fernando (PA),"354,666"
San Fernando (RN),"23,271"
San Francisco (AS),"74,542"
San Francisco (CU),"55,180"
San Francisco (QN),"62,097"
San Francisco (SL),"13,436"
San Francisco (SN),"14,552"
San Gabriel,"18,172"
San Guillermo,"20,200"
San Ildefonso (BU),"115,713"
San Ildefonso (IS),"7,787"
San Isidro (AA),"4,574"
San Isidro (BL),"8,744"
San Isidro (DN),"27,233"
San Isidro (DO),"36,032"
San Isidro (IA),"28,129"
San Isidro (LE),"31,641"
San Isidro (NE),"54,372"
San Isidro (NS),"26,650"
San Isidro (SN),"7,325"
San Jacinto (MS),"30,372"
San Jacinto (PS),"40,848"
San Joaquin,"52,617"
San Jorge,"17,184"
San Jose (AE),"65,140"
San Jose (BS),"76,971"
San Jose (CS),"43,623"
San Jose (DI),"27,487"
San Jose (NE),"41,182"
San Jose (NR),"20,413"
San Jose (NS),"17,561"
San Jose (OM),"143,430"
San Jose (RN),"10,881"
San Jose (TC),"150,917"
San Jose De Buan,"7,767"
San Jose Del Monte,"651,813"
San Juan (AA),"9,867"
San Juan (BS),"114,068"
San Juan (IS),"26,411"
San Juan (LU),"47,291"
San Juan (MM),"133,959"
San Juan (SL),"14,912"
San Juan (SR),"14,854"
San Julian,"14,498"
San Leonardo,"68,536"
San Lorenzo,"26,112"
San Lorenzo Ruiz,"15,199"
San Luis (AS),"32,109"
San Luis (AU),"29,824"
San Luis (BS),"33,149"
San Luis (PA),"58,551"
San Manuel (IA),"34,657"
San Manuel (PS),"52,939"
San Manuel (TC),"28,387"
San Marcelino,"37,719"
San Mariano,"60,124"
San Mateo (IA),"66,835"
San Mateo (RL),"273,306"
San Miguel (BL),"25,356"
San Miguel (BU),"172,073"
San Miguel (CT),"15,006"
San Miguel (IO),"30,115"
San Miguel (LE),"19,420"
San Miguel (SS),"41,809"
San Miguel (ZR),"19,838"
San Narciso (QN),"48,461"
San Narciso (ZA),"30,759"
San Nicolas (BS),"22,623"
San Nicolas (IN),"36,736"
San Nicolas (PS),"35,574"
San Pablo (IA),"25,384"
San Pablo (LA),"285,348"
San Pablo (ZR),"26,648"
San Pascual (BS),"69,009"
San Pascual (MS),"46,674"
San Pedro,"326,001"
San Policarpo,"14,687"
San Quintin (AA),"5,438"
San Quintin (PS),"32,945"
San Rafael (BU),"103,097"
San Rafael (IO),"17,795"
San Remigio (AE),"31,935"
San Remigio (CU),"57,557"
San Ricardo,"10,500"
San Roque,"30,580"
San Sebastian,"8,057"
San Simon,"59,182"
San Teodoro,"17,904"
San Vicente (CN),"12,579"
San Vicente (IS),"12,758"
San Vicente (NS),"6,928"
San Vicente (PN),"31,232"
Sanchez-Mira,"24,541"
Santa,"15,340"
Santa Ana (CG),"32,906"
Santa Ana (PA),"61,537"
Santa Barbara (IO),"67,630"
Santa Barbara (PS),"82,012"
Santa Catalina (IS),"13,945"
Santa Catalina (NR),"75,756"
Santa Cruz (DS),"101,125"
Santa Cruz (IS),"39,868"
Santa Cruz (LA),"123,574"
Santa Cruz (ME),"56,408"
Santa Cruz (OM),"42,417"
Santa Cruz (ZA),"63,839"
Santa Elena,"40,786"
Santa Fe (CU),"28,603"
Santa Fe (LE),"21,674"
Santa Fe (NV),"16,180"
Santa Fe (RN),"16,098"
Santa Ignacia,"51,626"
Santa Josefa,"26,729"
Santa Lucia,"25,402"
Santa Magdalena,"16,848"
Santa Marcela,"13,613"
Santa Margarita,"26,348"
Santa Maria (BU),"289,820"
Santa Maria (DS),"54,433"
Santa Maria (IA),"25,758"
Santa Maria (Imelda),"8,989"
Santa Maria (IS),"30,321"
Santa Maria (LA),"40,487"
Santa Maria (PS),"34,220"
Santa Monica,"9,423"
Santa Praxedes,"4,154"
Santa Rita (PA),"48,209"
Santa Rita (WS),"41,591"
Santa Rosa (LA),"414,812"
Santa Rosa (NE),"75,649"
Santa Teresita (BS),"21,559"
Santa Teresita (CG),"19,038"
Santander,"17,857"
Santiago (AN),"28,657"
Santiago (IA),"148,580"
Santiago (IS),"18,759"
Santo Domingo (AY),"34,967"
Santo Domingo (IS),"30,678"
Santo Domingo (NE),"61,092"
Santo Nino (CG),"27,219"
Santo Nino (SC),"40,947"
Santo Nino (WS),"13,923"
Santo Tomas (BS),"218,500"
Santo Tomas (DN),"126,112"
Santo Tomas (IA),"24,582"
Santo Tomas (LU),"43,596"
Santo Tomas (PA),"42,846"
Santo Tomas (PS),"15,022"
Santol,"12,476"
Sapa-Sapa,"33,580"
Sapad,"21,309"
Sapang Dalaga,"19,983"
Sapi-An,"26,697"
Sara,"54,637"
Sarangani,"24,039"
Sariaya,"148,980"
Sarrat,"25,212"
Sasmuan,"30,243"
Science City of Munoz,"84,308"
Sebaste,"17,907"
Senator Ninoy Aquino,"46,882"
Sergio Osmena,"31,942"
Sevilla,"11,376"
Shariff Aguak,"33,982"
Shariff Saydona Mustapha,"25,080"
Siasi,"67,705"
Siaton,"77,696"
Siay,"40,585"
Siayan,"36,236"
Sibagat,"30,442"
Sibalom,"60,306"
Sibonga,"48,186"
Sibuco,"36,049"
Sibulan,"59,455"
Sibunag,"22,158"
Sibutad,"17,453"
Sibutu,"34,243"
Sierra Bullones,"24,745"
Sigay,"2,737"
Sigma,"30,134"
Sikatuna,"6,906"
Silago,"13,116"
Silang,"295,644"
Silay,"130,478"
Silvino Lobos,"15,299"
Simunul,"34,245"
Sinacaban,"19,671"
Sinait,"25,640"
Sindangan,"103,952"
Siniloan,"42,746"
Siocon,"48,524"
Sipalay,"72,448"
Sipocot,"64,855"
Siquijor,"26,861"
Sirawai,"31,163"
Siruma,"19,419"
Sison (PS),"52,320"
Sison (SN),"14,290"
Sitangkai,"37,319"
Socorro (OR),"39,099"
Socorro (SN),"22,314"
Sofronio Espanola,"32,876"
Sogod (CU),"35,108"
Sogod (SL),"47,552"
Solana,"85,581"
Solano,"59,517"
Solsona,"24,851"
Sominot,"19,061"
Sorsogon,"182,237"
South Ubian,"29,583"
South Upi,"43,197"
Sual,"39,091"
Subic,"111,912"
Sudipen,"17,056"
Sugbongcogon,"9,764"
Sugpon,"4,930"
Sulat,"15,377"
Sulop,"33,613"
Sultan Dumalondong,"12,500"
Sultan Kudarat,"105,121"
Sultan Mastura,"25,331"
Sultan Naga Dimaporo,"56,764"
Sultan Sa Barongis,"22,425"
Sumilao,"27,660"
Sumisip,"47,345"
Surallah,"92,011"
Surigao,"171,107"
Suyo,"11,880"
Taal,"61,460"
Tabaco,"133,868"
Tabango,"34,195"
Tabina,"25,734"
Tabogon,"41,432"
Tabontabon,"11,204"
Tabuan-Lasa,"29,327"
Tabuelan,"25,630"
Tabuk,"110,642"
Tacloban,"242,089"
Tacurong,"98,316"
Tadian,"19,389"
Taft,"18,786"
Tagana-An,"16,428"
Tagapul-An,"8,473"
Tagaytay,"71,181"
Tagbilaran,"105,051"
Tagbina,"41,051"
Tagkawayan,"54,003"
Tago,"39,831"
Tagoloan (LN),"13,253"
Tagoloan (MO),"73,150"
Tagoloan Ii,"11,169"
Tagudin,"39,277"
Taguig,"804,915"
Tagum,"296,202"
Talacogon,"43,353"
Talaingod,"27,482"
Talakag,"71,644"
Talalora,"8,057"
Talavera,"132,338"
Talayan,"34,156"
Talibon,"71,272"
Talipao,"80,255"
Talisay  (CU),"227,645"
Talisay (BS),"45,301"
Talisay (CN),"25,841"
Talisay (NO),"108,909"
Talisayan,"27,756"
Talitay,"17,463"
Talugtug,"25,236"
Talusan,"27,873"
Tambulig,"37,480"
Tampakan,"39,525"
Tamparan,"25,874"
Tampilisan,"24,680"
Tanauan (BS),"173,366"
Tanauan (LE),"55,021"
Tanay,"117,830"
Tandag,"62,669"
Tandubas,"34,316"
Tangalan,"23,704"
Tangcal,"15,181"
Tangub,"68,389"
Tanjay,"80,532"
Tantangan,"43,245"
Tanudan,"8,746"
Tanza,"312,116"
Tapaz,"51,313"
Tapul,"18,197"
Taraka,"23,644"
Tarangnan,"24,992"
Tarlac,"385,398"
Tarragona,"26,225"
Tayabas,"112,658"
Tayasan,"35,470"
Taysan,"38,007"
Taytay (PN),"75,165"
Taytay (RL),"319,104"
Tayug,"45,241"
Tayum,"14,467"
Teresa,"57,755"
Ternate,"24,654"
Tiaong,"106,265"
Tibiao,"29,073"
Tigaon,"55,272"
Tigbao,"21,675"
Tigbauan,"65,245"
Tinambac,"67,572"
Tineg,"5,097"
Tinglayan,"12,868"
Tingloy,"17,919"
Tinoc,"18,457"
Tipo-Tipo,"25,531"
Titay,"53,994"
Tiwi,"53,120"
Tobias Fornier,"33,046"
Toboso,"43,445"
Toledo,"270,024"
Tolosa,"20,978"
Tomas Oppus,"16,990"
Tongkil,"24,161"
Torrijos,"30,524"
Trece Martires,"210,503"
Trento,"54,492"
Trinidad,"31,956"
Tuao,"61,535"
Tuba,"47,648"
Tubajon,"8,276"
Tubao,"34,761"
Tubaran,"14,749"
Tubay,"25,785"
Tubigon,"45,893"
Tublay,"17,892"
Tubo,"5,699"
Tubod (LN),"50,073"
Tubod (SN),"15,467"
Tubungan,"23,021"
Tuburan (BA),"24,742"
Tuburan (CU),"63,866"
Tudela (CU),"11,296"
Tudela (MC),"28,599"
Tugaya,"24,778"
Tuguegarao,"159,230"
Tukuran,"42,429"
Tulunan,"56,513"
Tumauini,"84,297"
Tunga,"7,656"
Tungawan,"46,497"
Tupi,"69,976"
Turtle Islands,"5,683"
Tuy,"46,519"
Ubay,"73,712"
Umingan,"77,074"
Ungkaya Pukan,"24,016"
Unisan,"25,448"
Upi,"59,004"
Urbiztondo,"55,557"
Urdaneta,"144,577"
Uson,"56,168"
Uyugan,"1,297"
Valderrama,"19,971"
Valencia (BK),"192,993"
Valencia (BL),"27,126"
Valencia (NR),"34,852"
Valenzuela,"714,978"
Valladolid,"39,996"
Vallehermoso,"38,259"
Veruela,"46,225"
Victoria (LA),"46,007"
Victoria (NS),"14,817"
Victoria (OR),"50,492"
Victoria (TC),"69,370"
Victorias,"87,933"
Viga,"21,624"
Vigan,"53,935"
Villaba,"42,653"
Villanueva,"40,419"
Villareal,"28,230"
Villasis,"65,047"
Villaverde,"18,507"
Villaviciosa,"5,392"
Vincenzo A Sagun,"24,852"
Vintar,"32,220"
Vinzons,"43,485"
Virac,"73,650"
Wao,"45,862"
Zamboanga,"977,234"
Zamboanguita,"27,552"
Zaragoza,"53,090"
Zarraga,"27,305"
Zumarraga,"16,936"
