name,province
Aborlan,Palawan
Abra De Ilog,Occidental Mindoro
Abucay,Bataan
Abulug,Cagayan
Abuyog,Leyte
Adams,Ilocos Norte
Agdangan,Quezon
Aglipay,Quirino
Agno,Pangasinan
Agoncillo,Batangas
Agoo,La Union
Aguilar,Pangasinan
Aguinaldo,Ifugao
Agutaya,Palawan
Ajuy,Iloilo
Akbar,Basilan
Al-Barka,Basilan
Alabat,Quezon
Alabel,Sarangani
Alamada,Cotabato (North Cotabato)
Alaminos (LA),Laguna
Alaminos (PS),Pangasinan
Alang-Alang,Leyte
Albuera,Leyte
Alburquerque,Bohol
Alcala (CG),Cagayan
Alcala (PS),Pangasinan
Alcantara (CU),Cebu
Alcantara (RN),Romblon
Alcoy,Cebu
Alegria (CU),Cebu
Alegria (SN),Surigao Del Norte
Aleosan,Cotabato (North Cotabato)
Alfonso,Cavite
Alfonso Castaneda,Nueva Vizcaya
Alfonso Lista,Ifugao
Aliaga,Nueva Ecija
Alicia (BL),Bohol
Alicia (IA),Isabela
Alicia (ZS),Zamboanga Sibugay
Alilem,Ilocos Sur
Alimodian,Iloilo
Alitagtag,Batangas
Allacapan,Cagayan
Allen,Northern Samar
Almagro,Samar (Western Samar)
Almeria,Biliran
Aloguinsan,Cebu
Aloran,Misamis Occidental
Altavas,Aklan
Alubijid,Misamis Oriental
Amadeo,Cavite
Amai Manabilang,Lanao Del Sur
Ambaguio,Nueva Vizcaya
Amlan,Negros Oriental
Ampatuan,Maguindanao
Amulung,Cagayan
Anahawan,Southern Leyte
Anao,Tarlac
Anda (BL),Bohol
Anda (PS),Pangasinan
Angadanan,Isabela
Angat,Bulacan
Angeles,Pampanga
Angono,Rizal
Anilao,Iloilo
Anini-Y,Antique
Antequera,Bohol
Antipas,Cotabato (North Cotabato)
Antipolo,Rizal
Apalit,Pampanga
Aparri,Cagayan
Araceli,Palawan
Arakan,Cotabato (North Cotabato)
Arayat,Pampanga
Argao,Cebu
Aringay,La Union
Aritao,Nueva Vizcaya
Aroroy,Masbate
Arteche,Eastern Samar
Asingan,Pangasinan
Asipulo,Ifugao
Asturias,Cebu
Asuncion,Davao Del Norte
Atimonan,Quezon
Atok,Benguet
Aurora (IA),Isabela
Aurora (ZR),Zamboanga Del Sur
Ayungon,Negros Oriental
Baao,Camarines Sur
Babatngon,Leyte
Bacacay,Albay
Bacarra,Ilocos Norte
Baclayon,Bohol
Bacnotan,La Union
Baco,Oriental Mindoro
Bacolod (LN),Lanao Del Norte
Bacolod (NO),Negros Occidental
Bacolod-Kalawi,Lanao Del Sur
Bacolor,Pampanga
Bacong,Negros Oriental
Bacoor,Cavite
Bacuag,Surigao Del Norte
Bacungan Leon B. Postigo,Zamboanga Del Norte
Badian,Cebu
Badiangan,Iloilo
Badoc,Ilocos Norte
Bagabag,Nueva Vizcaya
Bagac,Bataan
Bagamanoc,Catanduanes
Baganga,Davao Oriental
Baggao,Cagayan
Bago,Negros Occidental
Baguio,Benguet
Bagulin,La Union
Bagumbayan,Sultan Kudarat
Bais,Negros Oriental
Bakun,Benguet
Balabac,Palawan
Balabagan,Lanao Del Sur
Balagtas,Bulacan
Balamban,Cebu
Balanga,Bataan
Balangiga,Eastern Samar
Balangkayan,Eastern Samar
Balaoan,La Union
Balasan,Iloilo
Balatan,Camarines Sur
Balayan,Batangas
Balbalan,Kalinga
Baleno,Masbate
Baler,Aurora
Balete (AK),Aklan
Balete (BS),Batangas
Baliangao,Misamis Occidental
Baliguian,Zamboanga Del Norte
Balilihan,Bohol
Balindong,Lanao Del Sur
Balingasag,Misamis Oriental
Balingoan,Misamis Oriental
Baliwag,Bulacan
Ballesteros,Cagayan
Baloi,Lanao Del Norte
Balud,Masbate
Balungao,Pangasinan
Bamban,Tarlac
Bambang,Nueva Vizcaya
Banate,Iloilo
Banaue,Ifugao
Banaybanay,Davao Oriental
Banayoyo,Ilocos Sur
Banga (AK),Aklan
Banga (SC),South Cotabato
Bangar,La Union
Bangued,Abra
Bangui,Ilocos Norte
Bani,Pangasinan
Banisilan,Cotabato (North Cotabato)
Banna,Ilocos Norte
Bansalan,Davao Del Sur
Bansud,Oriental Mindoro
Bantay,Ilocos Sur
Bantayan Island,Cebu
Banton,Romblon
Baras (CT),Catanduanes
Baras (RL),Rizal
Barbaza,Antique
Barcelona,Sorsogon
Barili,Cebu
Barira,Maguindanao
Barlig,Mountain Province
Barobo,Surigao Del Sur
Barotac Nuevo,Iloilo
Barotac Viejo,Iloilo
Baroy,Lanao Del Norte
Barugo,Leyte
Basay,Negros Oriental
Basco,Batanes
Basey,Samar (Western Samar)
Basilisa,Dinagat Islands
Basista,Pangasinan
Basud (CN),Camarines Norte
Batac,Ilocos Norte
Batad,Iloilo
Batan,Aklan
Batangas,Batangas
Bataraza,Palawan
Bato (CS),Camarines Sur
Bato (CT),Catanduanes
Bato (LE),Leyte
Batuan (BL),Bohol
Batuan (MS),Masbate
Bauan,Batangas
Bauang,La Union
Bauko,Mountain Province
Baungon,Bukidnon
Bautista,Pangasinan
Bay,Laguna
Bayabas,Surigao Del Sur
Bayambang,Pangasinan
Bayang,Lanao Del Sur
Bayawan,Negros Oriental
Baybay,Leyte
Bayog,Zamboanga Del Sur
Bayombong,Nueva Vizcaya
Bayugan,Agusan Del Sur
Belison,Antique
Benito Soliven,Isabela
Besao,Mountain Province
Bien Unido,Bohol
Bilar,Bohol
Biliran,Biliran
Binalbagan,Negros Occidental
Binalonan,Pangasinan
Binan,Laguna
Binangonan,Rizal
Bindoy,Negros Oriental
Bingawan,Iloilo
Binidayan,Lanao Del Sur
Binmaley,Pangasinan
Binuangan,Misamis Oriental
Biri,Northern Samar
Bislig,Surigao Del Sur
Boac,Marinduque
Bobon,Northern Samar
Bocaue,Bulacan
Bogo,Cebu
Bokod,Benguet
Bolinao,Pangasinan
Boliney,Abra
Boljoon,Cebu
Bombon,Camarines Sur
Bongabon,Nueva Ecija
Bongabong,Oriental Mindoro
Bongao,Tawi-Tawi
Bonifacio,Misamis Occidental
Bontoc (MP),Mountain Province
Bontoc (SL),Southern Leyte
Borbon,Cebu
Borongan,Eastern Samar
Boston,Davao Oriental
Botolan,Zambales
Braulio E. Dujali,Davao Del Norte
Buadiposo-Buntong,Lanao Del Sur
Bubong,Lanao Del Sur
Bucay,Abra
Bucloc,Abra
Buenavista (AN),Agusan Del Norte
Buenavista (BL),Bohol
Buenavista (GS),Guimaras
Buenavista (ME),Marinduque
Buenavista (QN),Quezon
Bugallon,Pangasinan
Bugasong,Antique
Buguey,Cagayan
Buguias,Benguet
Buhi,Camarines Sur
Bula,Camarines Sur
Bulakan,Bulacan
Bulalacao,Oriental Mindoro
Bulan,Sorsogon
Buldon,Maguindanao
Buluan,Maguindanao
Bulusan,Sorsogon
Bunawan,Agusan Del Sur
Burauen,Leyte
Burdeos,Quezon
Burgos (IA),Isabela
Burgos (IN),Ilocos Norte
Burgos (IS),Ilocos Sur
Burgos (LU),La Union
Burgos (PS),Pangasinan
Burgos (SN),Surigao Del Norte
Buruanga,Aklan
Bustos,Bulacan
Busuanga,Palawan
Butig,Lanao Del Sur
Butuan,Agusan Del Norte
Buug,Zamboanga Sibugay
Caba,La Union
Cabadbaran,Agusan Del Norte
Cabagan,Isabela
Cabanatuan,Nueva Ecija
Cabangan,Zambales
Cabanglasan,Bukidnon
Cabarroguis,Quirino
Cabatuan (IA),Isabela
Cabatuan (IO),Iloilo
Cabiao,Nueva Ecija
Cabucgayan,Biliran
Cabugao,Ilocos Sur
Cabusao,Camarines Sur
Cabuyao,Laguna
Cadiz,Negros Occidental
Cagayancillo,Palawan
Cagayan De Oro,Misamis Oriental
Cagdianao,Dinagat Islands
Cagwait,Surigao Del Sur
Caibiran,Biliran
Cainta,Rizal
Cajidiocan,Romblon
Calabanga,Camarines Sur
Calaca,Batangas
Calamba (LA),Laguna
Calamba (MC),Misamis Occidental
Calanasan,Apayao
Calanogas,Lanao Del Sur
Calapan,Oriental Mindoro
Calape,Bohol
Calasiao,Pangasinan
Calatagan,Batangas
Calatrava (NO),Negros Occidental
Calatrava (RN),Romblon
Calauag,Quezon
Calauan,Laguna
Calayan,Cagayan
Calbayog,Samar (Western Samar)
Calbiga,Samar (Western Samar)
Calinog,Iloilo
Calintaan,Occidental Mindoro
Caloocan,Metro Manila
Calubian,Leyte
Calumpit,Bulacan
Caluya,Antique
Camalaniugan,Cagayan
Camalig,Albay
Camaligan,Camarines Sur
Camiling,Tarlac
Can-Avid,Eastern Samar
Canaman,Camarines Sur
Candaba,Pampanga
Candelaria (QN),Quezon
Candelaria (ZA),Zambales
Candijay,Bohol
Candon,Ilocos Sur
Candoni,Negros Occidental
Canlaon,Negros Oriental
Cantilan,Surigao Del Sur
Caoayan,Ilocos Sur
Capalonga,Camarines Norte
Capas,Tarlac
Capoocan,Leyte
Capul,Northern Samar
Caraga,Davao Oriental
Caramoan,Camarines Sur
Caramoran,Catanduanes
Carasi,Ilocos Norte
Carcar,Cebu
Cardona,Rizal
Carigara,Leyte
Carles,Iloilo
Carmen (AN),Agusan Del Norte
Carmen (BL),Bohol
Carmen (CU),Cebu
Carmen (DN),Davao Del Norte
Carmen (NC),Cotabato (North Cotabato)
Carmen (SS),Surigao Del Sur
Carmona,Cavite
Carranglan,Nueva Ecija
Carrascal,Surigao Del Sur
Casiguran (AU),Aurora
Casiguran (SO),Sorsogon
Castilla,Sorsogon
Castillejos,Zambales
Cataingan,Masbate
Catanauan,Quezon
Catarman (CM),Camiguin
Catarman (NS),Northern Samar
Catbalogan,Samar (Western Samar)
Cateel,Davao Oriental
Catigbian,Bohol
Catmon,Cebu
Catubig,Northern Samar
Cauayan (IA),Isabela
Cauayan (NO),Negros Occidental
Cavinti,Laguna
Cavite,Cavite
Cawayan,Masbate
Cebu,Cebu
Cervantes,Ilocos Sur
Clarin (BL),Bohol
Clarin (MC),Misamis Occidental
Claver,Surigao Del Norte
Claveria (CG),Cagayan
Claveria (MO),Misamis Oriental
Claveria (MS),Masbate
Columbio,Sultan Kudarat
Compostela (CU),Cebu
Compostela (DDO),Davao De Oro
Concepcion (IO),Iloilo
Concepcion (RN),Romblon
Concepcion (TC),Tarlac
Concepcion,Misamis Occidental
Conner,Apayao
Consolacion,Cebu
Corcuera,Romblon
Cordon,Isabela
Cordova,Cebu
Corella,Bohol
Coron,Palawan
Cortes (BL),Bohol
Cortes (SS),Surigao Del Sur
Cotabato,Maguindanao
Cuartero,Capiz
Cuenca,Batangas
Culaba,Biliran
Culasi,Antique
Culion,Palawan
Currimao,Ilocos Norte
Cuyapo,Nueva Ecija
Cuyo,Palawan
Daan Bantayan,Cebu
Daet,Camarines Norte
Dagami,Leyte
Dagohoy,Bohol
Daguioman,Abra
Dagupan,Pangasinan
Dalaguete,Cebu
Damulog,Bukidnon
Danao (BL),Bohol
Danao (CU),Cebu
Dangcagan,Bukidnon
Danglas,Abra
Dao,Capiz
Dapa,Surigao Del Norte
Dapitan,Zamboanga Del Norte
Daraga,Albay
Daram,Samar (Western Samar)
Dasmarinas,Cavite
Dasol,Pangasinan
Datu Abdullah Sangki,Maguindanao
Datu Anggal Midtimbang,Maguindanao
Datu Blah Sinsuat,Maguindanao
Datu Hoffer Ampatuan,Maguindanao
Datu Odin Sinsuat,Maguindanao
Datu Paglas,Maguindanao
Datu Piang,Maguindanao
Datu Salibo,Maguindanao
Datu Saudi-Ampatuan,Maguindanao
Datu Unsay,Maguindanao
Dauin,Negros Oriental
Dauis,Bohol
Davao,Davao Del Sur
Del Carmen,Surigao Del Norte
Delfin Albano,Isabela
Del Gallego,Camarines Sur
Diadi,Nueva Vizcaya
Diffun,Quirino
Digos,Davao Del Sur
Dilasag,Aurora
Dimasalang,Masbate
Dimataling,Zamboanga Del Sur
Dimiao,Bohol
Dinagat,Dinagat Islands
Dinalungan,Aurora
Dinalupihan,Bataan
Dinapigue,Isabela
Dinas,Zamboanga Del Sur
Dingalan,Aurora
Dingle,Iloilo
Dingras,Ilocos Norte
Dipaculao,Aurora
Diplahan,Zamboanga Sibugay
Dipolog,Zamboanga Del Norte
Ditsaan-Ramain,Lanao Del Sur
Divilacan,Isabela
Dolores (AA),Abra
Dolores (ES),Eastern Samar
Dolores (QN),Quezon
Don Carlos,Bukidnon
Don Marcelino,Davao Occidental
Don Victoriano Chiongbian,Misamis Occidental
Dona Remedios Trinidad,Bulacan
Donsol,Sorsogon
Duenas,Iloilo
Duero,Bohol
Dulag,Leyte
Dumaguete,Negros Oriental
Dumalag,Capiz
Dumalinao,Zamboanga Del Sur
Dumalneg,Ilocos Norte
Dumangas,Iloilo
Dumanjug,Cebu
Dumaran,Palawan
Dumarao,Capiz
Dumingag,Zamboanga Del Sur
Dupax Del Norte,Nueva Vizcaya
Dupax Del Sur,Nueva Vizcaya
E. B. Magalona,Negros Occidental
Echague,Isabela
El Nido,Palawan
El Salvador,Misamis Oriental
Enrile,Cagayan
Enrique Villanueva,Siquijor
Escalante,Negros Occidental
Esperanza (AS),Agusan Del Sur
Esperanza (MS),Masbate
Esperanza (SK),Sultan Kudarat
Estancia,Iloilo
Famy,Laguna
Ferrol,Romblon
Flora,Apayao
Floridablanca,Pampanga
Gabaldon,Nueva Ecija
Gainza,Camarines Sur
Galimuyod,Ilocos Sur
Gamay,Northern Samar
Gamu,Isabela
Ganassi,Lanao Del Sur
Gandara,Samar (Western Samar)
Gapan,Nueva Ecija
Garchitorena,Camarines Sur
Garcia-Hernandez,Bohol
Gasan,Marinduque
Gattaran,Cagayan
Gen S.K Pendatun,Maguindanao
Gen. Emilio Aguinaldo,Cavite
Gen. Mariano Alvarez,Cavite
General Luna (QN),Quezon
General Luna  (SN),Surigao Del Norte
General Macarthur,Eastern Samar
General Mamerto Natividad,Nueva Ecija
General Nakar,Quezon
General Santos,South Cotabato
General Tinio,Nueva Ecija
General Trias,Cavite
Gerona,Tarlac
Getafe,Bohol
Gigaquit,Surigao Del Norte
Gigmoto,Catanduanes
Ginatilan,Cebu
Gingoog,Misamis Oriental
Giporlos,Eastern Samar
Gitagum,Misamis Oriental
Glan,Sarangani
Gloria,Oriental Mindoro
Goa,Camarines Sur
Godod,Zamboanga Del Norte
Gonzaga,Cagayan
Governor Generoso,Davao Oriental
Gregorio Del Pilar,Ilocos Sur
Guagua,Pampanga
Gubat,Sorsogon
Guiguinto (BU),Bulacan
Guihulngan,Negros Oriental
Guimba,Nueva Ecija
Guimbal,Iloilo
Guinayangan,Quezon
Guindulman,Bohol
Guindulungan,Maguindanao
Guinobatan,Albay
Guinsiliban,Camiguin
Guipos,Zamboanga Del Sur
Guiuan,Eastern Samar
Gumaca,Quezon
Gutalac,Zamboanga Del Norte
Hadji Mohammad Ajul,Basilan
Hadji Muhtamad,Basilan
Hadji Panglima Tahil,Sulu
Hagonoy (BU),Bulacan
Hagonoy (DS),Davao Del Sur
Hamtic,Antique
Hermosa,Bataan
Hernani,Eastern Samar
Hilongos,Leyte
Himamaylan,Negros Occidental
Hinabangan,Samar (Western Samar)
Hinatuan,Surigao Del Sur
Hindang,Leyte
Hingyon,Ifugao
Hinigaran,Negros Occidental
Hinobaan,Negros Occidental
Hinunangan,Southern Leyte
Hinundayan,Southern Leyte
Hungduan,Ifugao
Iba,Zambales
Ibaan,Batangas
Ibajay,Aklan
Igacos,Davao Del Norte
Igbaras,Iloilo
Iguig,Cagayan
Ilagan,Isabela
Iligan,Lanao Del Norte
Ilog,Negros Occidental
Iloilo,Iloilo
Imelda,Zamboanga Sibugay
Impasug-Ong,Bukidnon
Imus,Cavite
Inabanga,Bohol
Indanan,Sulu
Indang,Cavite
Infanta (PS),Pangasinan
Infanta (QN),Quezon
Initao,Misamis Oriental
Inopacan,Leyte
Ipil,Zamboanga Sibugay
Iriga,Camarines Sur
Irosin,Sorsogon
Isabel,Leyte
Isabela (BAS),Basilan (IX)
Isabela (NO),Negros Occidental
Isulan,Sultan Kudarat
Itbayat,Batanes
Itogon,Benguet
Ivana,Batanes
Ivisan,Capiz
Jabonga,Agusan Del Norte
Jaen,Nueva Ecija
Jagna,Bohol
Jalajala,Rizal
Jamindan,Capiz
Janiuay,Iloilo
Jaro,Leyte
Jasaan,Misamis Oriental
Javier,Leyte
Jiabong,Samar (Western Samar)
Jimalalud,Negros Oriental
Jimenez,Misamis Occidental
Jipapad,Eastern Samar
Jolo,Sulu
Jomalig,Quezon
Jones,Isabela
Jordan,Guimaras
Jose Abad Santos,Davao Occidental
Jose Dalman,Zamboanga Del Norte
Josefina,Zamboanga Del Sur
Jose Panganiban,Camarines Norte
Jovellar,Albay
Juban,Sorsogon
Julita,Leyte
Kabacan,Cotabato (North Cotabato)
Kabankalan,Negros Occidental
Kabasalan,Zamboanga Sibugay
Kabayan,Benguet
Kabugao,Apayao
Kabuntalan,Maguindanao
Kadingilan,Bukidnon
Kalamansig,Sultan Kudarat
Kalawit,Zamboanga Del Norte
Kalayaan (LA),Laguna
Kalayaan (PN),Palawan
Kalibo,Aklan
Kalilangan,Bukidnon
Kalingalan Caluang,Sulu
Kananga,Leyte
Kapai,Lanao Del Sur
Kapalong,Davao Del Norte
Kapangan,Benguet
Kapatagan (LN),Lanao Del Norte
Kapatagan (LS),Lanao Del Sur
Kasibu,Nueva Vizcaya
Katipunan,Zamboanga Del Norte
Kauswagan,Lanao Del Norte
Kawayan,Biliran
Kawit,Cavite
Kayapa,Nueva Vizcaya
Kiamba,Sarangani
Kiangan,Ifugao
Kibawe,Bukidnon
Kiblawan,Davao Del Sur
Kibungan,Benguet
Kidapawan,Cotabato (North Cotabato)
Kinoguitan,Misamis Oriental
Kitaotao,Bukidnon
Kitcharao,Agusan Del Norte
Kolambugan,Lanao Del Norte
Koronadal,South Cotabato
Kumalarang,Zamboanga Del Sur
La Carlota,Negros Occidental
La Castellana,Negros Occidental
La Libertad (NR),Negros Oriental
La Libertad (ZN),Zamboanga Del Norte
La Paz (AA),Abra
La Paz (AS),Agusan Del Sur
La Paz (LE),Leyte
La Paz (TC),Tarlac
La Trinidad,Benguet
Laak,Davao De Oro
Labangan,Zamboanga Del Sur
Labason,Zamboanga Del Norte
Labo,Camarines Norte
Labrador,Pangasinan
Lacub,Abra
Lagangilang,Abra
Lagawe,Ifugao
Lagayan,Abra
Lagonglong,Misamis Oriental
Lagonoy,Camarines Sur
Laguindingan,Misamis Oriental
Lake Sebu,South Cotabato
Lakewood,Zamboanga Del Sur
Lala,Lanao Del Norte
Lallo,Cagayan
Lambayong,Sultan Kudarat
Lambunao,Iloilo
Lamitan,Basilan
Lamut,Ifugao
Langiden,Abra
Languyan,Tawi-Tawi
Lantapan,Bukidnon
Lantawan,Basilan
Lanuza,Surigao Del Sur
Laoac,Pangasinan
Laoag,Ilocos Norte
Laoang,Northern Samar
Lapinig,Northern Samar
Lapu Lapu,Cebu
Lapuyan,Zamboanga Del Sur
Larena,Siquijor
Las Navas,Northern Samar
Las Nieves,Agusan Del Norte
Las Pinas,Metro Manila
Lasam,Cagayan
Laua-An,Antique
Laur,Nueva Ecija
Laurel,Batangas
Lavezares,Northern Samar
Lawaan,Eastern Samar
Lazi,Siquijor
Lebak,Sultan Kudarat
Leganes,Iloilo
Legazpi,Albay
Lemery (BS),Batangas
Lemery (IO),Iloilo
Leon,Iloilo
Leyte,Leyte
Lezo,Aklan
Lian,Batangas
Lianga,Surigao Del Sur
Libacao,Aklan
Libagon,Southern Leyte
Libertad (AE),Antique
Libertad (MO),Misamis Oriental
Libjo,Dinagat Islands
Libmanan,Camarines Sur
Libon,Albay
Libona,Bukidnon
Libungan,Cotabato (North Cotabato)
Licab,Nueva Ecija
Licuan-Baay,Abra
Lidlidda,Ilocos Sur
Ligao,Albay
Lila,Bohol
Liliw,Laguna
Liloan (CU),Cebu
Liloan (SL),Southern Leyte
Liloy,Zamboanga Del Norte
Limasawa,Southern Leyte
Limay,Bataan
Linamon,Lanao Del Norte
Linapacan,Palawan
Lingayen,Pangasinan
Lingig,Surigao Del Sur
Lipa,Batangas
Llanera,Nueva Ecija
Llorente,Eastern Samar
Loay,Bohol
Lobo,Batangas
Loboc,Bohol
Looc (OM),Occidental Mindoro
Looc (RN),Romblon
Loon,Bohol
Lope De Vega,Northern Samar
Lopez,Quezon
Lopez Jaena,Misamis Occidental
Loreto (AS),Agusan Del Sur
Loreto (DI),Dinagat Islands
Los Banos,Laguna
Luba,Abra
Lubang,Occidental Mindoro
Lubao,Pampanga
Lubuagan,Kalinga
Lucban,Quezon
Lucena,Quezon
Lugait,Misamis Oriental
Lugus,Sulu
Luisiana,Laguna
Lumba-Bayabao,Lanao Del Sur
Lumbaca-Unayan,Lanao Del Sur
Lumban,Laguna
Lumbatan,Lanao Del Sur
Lumbayanague,Lanao Del Sur
Luna (AO),Apayao
Luna (IA),Isabela
Luna (LU),La Union
Lupao,Nueva Ecija
Lupi,Camarines Sur
Lupon,Davao Oriental
Lutayan,Sultan Kudarat
Luuk,Sulu
Ma-Ayon,Capiz
Maasim,Sarangani
Maasin (IO),Iloilo
Maasin (SL),Southern Leyte
Mabalacat,Pampanga
Mabinay,Negros Oriental
Mabini (BL),Bohol
Mabini (BS),Batangas
Mabini (CV),Davao De Oro
Mabini (PS),Pangasinan
Mabitac,Laguna
Mabuhay,Zamboanga Sibugay
Macabebe,Pampanga
Macalelon,Quezon
Macarthur,Leyte
Maco,Davao De Oro
Maconacon,Isabela
Macrohon,Southern Leyte
Madalag,Aklan
Madalum,Lanao Del Sur
Madamba,Lanao Del Sur
Maddela,Quirino
Madrid,Surigao Del Sur
Madridejos,Cebu
Magalang,Pampanga
Magallanes (AN),Agusan Del Norte
Magallanes (CE),Cavite
Magallanes (SO),Sorsogon
Magarao,Camarines Sur
Magdalena,Laguna
Magdiwang,Romblon
Magpet,Cotabato (North Cotabato)
Magsaysay (DS),Davao Del Sur
Magsaysay (LN),Lanao Del Norte
Magsaysay (MO),Misamis Oriental
Magsaysay (OM),Occidental Mindoro
Magsaysay (PN),Palawan
Magsingal,Ilocos Sur
Maguing,Lanao Del Sur
Mahaplag,Leyte
Mahatao,Batanes
Mahayag,Zamboanga Del Sur
Mahinog,Camiguin
Maigo,Lanao Del Norte
Maimbung,Sulu
Mainit,Surigao Del Norte
Maitum,Sarangani
Majayjay,Laguna
Makati,Metro Manila
Makato,Aklan
Makilala,Cotabato (North Cotabato)
Malabang,Lanao Del Sur
Malabon,Metro Manila
Malabuyoc,Cebu
Malalag,Davao Del Sur
Malangas,Zamboanga Sibugay
Malapatan,Sarangani
Malasiqui,Pangasinan
Malay,Aklan
Malaybalay,Bukidnon
Malibcong,Abra
Malilipot,Albay
Malimono,Surigao Del Norte
Malinao (AK),Aklan
Malinao (AY),Albay
Malita,Davao Occidental
Malitbog (BK),Bukidnon
Malitbog (SL),Southern Leyte
Mallig,Isabela
Malolos,Bulacan
Malungon,Sarangani
Maluso,Basilan
Malvar,Batangas
Mamasapano,Maguindanao
Mambajao,Camiguin
Mamburao,Occidental Mindoro
Mambusao,Capiz
Manabo,Abra
Manaoag,Pangasinan
Manapla,Negros Occidental
Manay,Davao Oriental
Mandaluyong,Metro Manila
Mandaon,Masbate
Mandaue,Cebu
Mangaldan,Pangasinan
Mangatarem,Pangasinan
Mangudadatu,Maguindanao
Manila,Metro Manila
Manito,Albay
Manjuyod,Negros Oriental
Mankayan,Benguet
Manolo Fortich,Bukidnon
Mansalay,Oriental Mindoro
Manticao,Misamis Oriental
Manukan,Zamboanga Del Norte
Mapanas,Northern Samar
Mapandan,Pangasinan
Mapun,Tawi-Tawi
Marabut,Samar (Western Samar)
Maragondon,Cavite
Maragusan,Davao De Oro
Maramag,Bukidnon
Marantao,Lanao Del Sur
Marawi,Lanao Del Sur
Marcos,Ilocos Norte
Margosatubig,Zamboanga Del Sur
Maria,Siquijor
Maria Aurora,Aurora
Maribojoc,Bohol
Marihatag,Surigao Del Sur
Marikina,Metro Manila
Marilao,Bulacan
Maripipi,Biliran
Mariveles,Bataan
Marogong,Lanao Del Sur
Masantol,Pampanga
Masbate,Masbate
Masinloc,Zambales
Masiu,Lanao Del Sur
Maslog,Eastern Samar
Mataasnakahoy,Batangas
Matag-Ob,Leyte
Matalam,Cotabato (North Cotabato)
Matalom,Leyte
Matanao,Davao Del Sur
Matanog,Maguindanao
Mati,Davao Oriental
Matnog,Sorsogon
Matuguinao,Samar (Western Samar)
Matungao,Lanao Del Norte
Mauban,Quezon
Mawab,Davao De Oro
Mayantoc,Tarlac
Maydolong,Eastern Samar
Mayorga,Leyte
Mayoyao,Ifugao
Medellin,Cebu
Medina,Misamis Oriental
Mendez,Cavite
Mercedes (ES),Eastern Samar
Mercedes,Camarines Norte
Merida,Leyte
Mexico,Pampanga
Meycauayan,Bulacan
Miag-ao,Iloilo
Midsalip,Zamboanga Del Sur
Midsayap,Cotabato (North Cotabato)
Milagros,Masbate
Milaor,Camarines Sur
Mina,Iloilo
Minalabac,Camarines Sur
Minalin,Pampanga
Minglanilla,Cebu
Mlang,Cotabato (North Cotabato)
Moalboal,Cebu
Mobo,Masbate
Mogpog,Marinduque
Moises Padilla,Negros Occidental
Molave,Zamboanga Del Sur
Moncada,Tarlac
Mondragon,Northern Samar
Monkayo,Davao De Oro
Monreal,Masbate
Montevista,Davao De Oro
Morong (BN),Bataan
Morong (RL),Rizal
Motiong,Samar (Western Samar)
Mulanay,Quezon
Mulondo,Lanao Del Sur
Munai,Lanao Del Norte
Muntinlupa,Metro Manila
Murcia,Negros Occidental
Mutia,Zamboanga Del Norte
Naawan,Misamis Oriental
Nabas,Aklan
Nabua,Camarines Sur
Nabunturan,Davao De Oro
Naga (CS),Camarines Sur
Naga (CU),Cebu
Naga (ZS),Zamboanga Sibugay
Nagbukel,Ilocos Sur
Nagcarlan,Laguna
Nagtipunan,Quirino
Naguilian (IA),Isabela
Naguilian (LU),La Union
Naic,Cavite
Nampicuan,Nueva Ecija
Narra,Palawan
Narvacan,Ilocos Sur
Nasipit,Agusan Del Norte
Nasugbu,Batangas
Natividad,Pangasinan
Natonin,Mountain Province
Naujan,Oriental Mindoro
Naval,Biliran
Navotas,Metro Manila
New Bataan,Davao De Oro
New Corella,Davao Del Norte
New Lucena,Iloilo
New Washington,Aklan
Norala,South Cotabato
Northern Kabuntalan,Maguindanao
Norzagaray,Bulacan
Noveleta,Cavite
Nueva Era,Ilocos Norte
Nueva Valencia,Guimaras
Numancia,Aklan
Nunungan,Lanao Del Norte
Oas,Albay
Obando,Bulacan
Ocampo,Camarines Sur
Odiongan,Romblon
Old Panamao,Sulu
Olongapo,Zambales
Olutanga,Zamboanga Sibugay
Omar,Sulu
Opol,Misamis Oriental
Orani,Bataan
Oras,Eastern Samar
Orion,Bataan
Ormoc,Leyte
Oroquieta,Misamis Occidental
Oslob,Cebu
Oton,Iloilo
Ozamiz,Misamis Occidental
Padada,Davao Del Sur
Padre Burgos (QN),Quezon
Padre Burgos (SL),Southern Leyte
Padre Garcia,Batangas
Paete,Laguna
Pagadian,Zamboanga Del Sur
Pagagawan,Maguindanao
Pagalungan,Maguindanao
Pagayawan,Lanao Del Sur
Pagbilao,Quezon
Paglat,Maguindanao
Pagsanghan,Samar (Western Samar)
Pagsanjan,Laguna
Pagudpud,Ilocos Norte
Pakil,Laguna
Palanan,Isabela
Palanas,Masbate
Palapag,Northern Samar
Palauig,Zambales
Palayan,Nueva Ecija
Palimbang,Sultan Kudarat
Palo,Leyte
Palompon,Leyte
Paluan,Occidental Mindoro
Pambujan,Northern Samar
Pamplona (CG),Cagayan
Pamplona (CS),Camarines Sur
Pamplona (NR),Negros Oriental
Panabo,Davao Del Norte
Panaon,Misamis Occidental
Panay,Capiz
Pandag,Maguindanao
Pandami,Sulu
Pandan (AE),Antique
Pandan (CT),Catanduanes
Pandi,Bulacan
Panganiban,Catanduanes
Pangantucan,Bukidnon
Pangil,Laguna
Panglao,Bohol
Panglima Estino,Sulu
Panglima Sugala,Tawi-Tawi
Pangutaran,Sulu
Paniqui,Tarlac
Panitan,Capiz
Pantabangan,Nueva Ecija
Pantao Ragat,Lanao Del Norte
Pantar,Lanao Del Norte
Pantukan,Davao De Oro
Panukulan,Quezon
Paoay,Ilocos Norte
Paombong,Bulacan
Paracale,Camarines Norte
Paracelis,Mountain Province
Paranaque,Metro Manila
Paranas,Samar (Western Samar)
Parang (MA),Maguindanao
Parang (SU),Sulu
Pasacao,Camarines Sur
Pasay,Metro Manila
Pasig,Metro Manila
Pasil,Kalinga
Passi,Iloilo
Pastrana,Leyte
Pasuquin,Ilocos Norte
Pata,Sulu
Pateros,Metro Manila
Patikul,Sulu
Patnanungan,Quezon
Patnongon,Antique
Pavia,Iloilo
Payao,Zamboanga Sibugay
Penablanca,Cagayan
Penaranda,Nueva Ecija
Penarrubia,Abra
Perez,Quezon
Piagapo,Lanao Del Sur
Piat,Cagayan
Picong,Lanao Del Sur
Piddig,Ilocos Norte
Pidigan,Abra
Pigcawayan,Cotabato (North Cotabato)
Pikit,Cotabato (North Cotabato)
Pila,Laguna
Pilar (AA),Abra
Pilar (BL),Bohol
Pilar (BN),Bataan
Pilar (CU),Cebu
Pilar (CZ),Capiz
Pilar (SN),Surigao Del Norte
Pilar (SO),Sorsogon
Pili,Camarines Sur
Pililla,Rizal
Pinabacdao,Samar (Western Samar)
Pinamalayan,Oriental Mindoro
Pinamungajan,Cebu
Pinan,Zamboanga Del Norte
Pinili,Ilocos Norte
Pintuyan,Southern Leyte
Pinukpuk,Kalinga
Pio Duran,Albay
Pio V Corpuz,Masbate
Pitogo (QN),Quezon
Pitogo (ZR),Zamboanga Del Sur
Placer (MS),Masbate
Placer (SN),Surigao Del Norte
Plaridel (BU),Bulacan
Plaridel (MC),Misamis Occidental
Plaridel (QN),Quezon
Pola,Oriental Mindoro
Polanco,Zamboanga Del Norte
Polangui,Albay
Polillo,Quezon
Polomolok,South Cotabato
Pontevedra (CZ),Capiz
Pontevedra (NO),Negros Occidental
Poona Bayabao,Lanao Del Sur
Poona Piagapo,Lanao Del Norte
Porac,Pampanga
Poro,Cebu
Pototan,Iloilo
Pozorrubio,Pangasinan
Presentacion,Camarines Sur
President Garcia,Bohol
President Quirino,Sultan Kudarat
President Roxas (CZ),Capiz
President Roxas (NC),Cotabato (North Cotabato)
Prieto Diaz,Sorsogon
Prosperidad,Agusan Del Sur
Pualas,Lanao Del Sur
Pudtol,Apayao
Puerto Galera,Oriental Mindoro
Puerto Princesa,Palawan
Pugo,La Union
Pulilan,Bulacan
Pulupandan,Negros Occidental
Pura,Tarlac
Quezon (BK),Bukidnon
Quezon (IA),Isabela
Quezon (MM),Metro Manila
Quezon (NE),Nueva Ecija
Quezon (NV),Nueva Vizcaya
Quezon (PN),Palawan
Quezon (QN),Quezon
Quinapondan,Eastern Samar
Quirino (IA),Isabela
Quirino (IS),Ilocos Sur
R.T. Lim,Zamboanga Sibugay
Ragay,Camarines Sur
Rajah Buayan,Maguindanao
Ramon,Isabela
Ramon Magsaysay,Zamboanga Del Sur
Ramos,Tarlac
Rapu-Rapu,Albay
Real,Quezon
Reina Mercedes,Isabela
Remedios T. Romualdez,Agusan Del Norte
Rizal (CG),Cagayan
Rizal (KA),Kalinga
Rizal (LA),Laguna
Rizal (NE),Nueva Ecija
Rizal (OM),Occidental Mindoro
Rizal (PN),Palawan
Rizal (ZN),Zamboanga Del Norte
Rodriguez,Rizal
Romblon,Romblon
Ronda,Cebu
Rosales,Pangasinan
Rosario (AS),Agusan Del Sur
Rosario (BS),Batangas
Rosario (CE),Cavite
Rosario (LU),La Union
Rosario (NS),Northern Samar
Roxas (CZ),Capiz
Roxas (IA),Isabela
Roxas (OR),Oriental Mindoro
Roxas (PN),Palawan
Roxas (ZN),Zamboanga Del Norte
Sabangan,Mountain Province
Sablan,Benguet
Sablayan,Occidental Mindoro
Sabtang,Batanes
Sadanga,Mountain Province
Sagada,Mountain Province
Sagay (CM),Camiguin
Sagay (NO),Negros Occidental
Sagbayan,Bohol
Sagnay,Camarines Sur
Saguday,Quirino
Saguiaran,Lanao Del Sur
Saint Bernard,Southern Leyte
Salay,Misamis Oriental
Salcedo (ES),Eastern Samar
Salcedo (IS),Ilocos Sur
Sallapadan,Abra
Salug,Zamboanga Del Norte
Salvador,Lanao Del Norte
Salvador Benedicto,Negros Occidental
Samal,Bataan
Samboan,Cebu
Sampaloc,Quezon
San Agustin (IA),Isabela
San Agustin (RN),Romblon
San Agustin (SS),Surigao Del Sur
San Andres (CT),Catanduanes
San Andres (QN),Quezon
San Andres (RN),Romblon
San Antonio (NE),Nueva Ecija
San Antonio (NS),Northern Samar
San Antonio (QN),Quezon
San Antonio (ZA),Zambales
San Benito,Surigao Del Norte
San Carlos (NO),Negros Occidental
San Carlos (PS),Pangasinan
San Clemente,Tarlac
San Dionisio,Iloilo
San Emilio,Ilocos Sur
San Enrique (IO),Iloilo
San Enrique (NO),Negros Occidental
San Esteban,Ilocos Sur
San Fabian,Pangasinan
San Felipe,Zambales
San Fernando (BK),Bukidnon
San Fernando (CS),Camarines Sur
San Fernando (CU),Cebu
San Fernando (LU),La Union
San Fernando (MS),Masbate
San Fernando (PA),Pampanga
San Fernando (RN),Romblon
San Francisco (AS),Agusan Del Sur
San Francisco (CU),Cebu
San Francisco (QN),Quezon
San Francisco (SL),Southern Leyte
San Francisco (SN),Surigao Del Norte
San Gabriel,La Union
San Guillermo,Isabela
San Ildefonso (BU),Bulacan
San Ildefonso (IS),Ilocos Sur
San Isidro (AA),Abra
San Isidro (BL),Bohol
San Isidro (DN),Davao Del Norte
San Isidro (DO),Davao Oriental
San Isidro (IA),Isabela
San Isidro (LE),Leyte
San Isidro (NE),Nueva Ecija
San Isidro (NS),Northern Samar
San Isidro (SN),Surigao Del Norte
San Jacinto (MS),Masbate
San Jacinto (PS),Pangasinan
San Joaquin,Iloilo
San Jorge,Samar (Western Samar)
San Jose (AE),Antique
San Jose (BS),Batangas
San Jose (CS),Camarines Sur
San Jose (DI),Dinagat Islands
San Jose (NE),Nueva Ecija
San Jose (NR),Negros Oriental
San Jose (NS),Northern Samar
San Jose (OM),Occidental Mindoro
San Jose (RN),Romblon
San Jose (TC),Tarlac
San Jose De Buan,Samar (Western Samar)
San Jose Del Monte,Bulacan
San Juan (AA),Abra
San Juan (BS),Batangas
San Juan (IS),Ilocos Sur
San Juan (LU),La Union
San Juan (MM),Metro Manila
San Juan (SL),Southern Leyte
San Juan (SR),Siquijor
San Julian,Eastern Samar
San Leonardo,Nueva Ecija
San Lorenzo,Guimaras
San Lorenzo Ruiz,Camarines Norte
San Luis (AS),Agusan Del Sur
San Luis (AU),Aurora
San Luis (BS),Batangas
San Luis (PA),Pampanga
San Manuel (IA),Isabela
San Manuel (PS),Pangasinan
San Manuel (TC),Tarlac
San Marcelino,Zambales
San Mariano,Isabela
San Mateo (IA),Isabela
San Mateo (RL),Rizal
San Miguel (BL),Bohol
San Miguel (BU),Bulacan
San Miguel (CT),Catanduanes
San Miguel (IO),Iloilo
San Miguel (LE),Leyte
San Miguel (SS),Surigao Del Sur
San Miguel (ZR),Zamboanga Del Sur
San Narciso (QN),Quezon
San Narciso (ZA),Zambales
San Nicolas (BS),Batangas
San Nicolas (IN),Ilocos Norte
San Nicolas (PS),Pangasinan
San Pablo (IA),Isabela
San Pablo (LA),Laguna
San Pablo (ZR),Zamboanga Del Sur
San Pascual (BS),Batangas
San Pascual (MS),Masbate
San Pedro,Laguna
San Policarpo,Eastern Samar
San Quintin (AA),Abra
San Quintin (PS),Pangasinan
San Rafael (BU),Bulacan
San Rafael (IO),Iloilo
San Remigio (AE),Antique
San Remigio (CU),Cebu
San Ricardo,Southern Leyte
San Roque,Northern Samar
San Sebastian,Samar (Western Samar)
San Simon,Pampanga
San Teodoro,Oriental Mindoro
San Vicente (CN),Camarines Norte
San Vicente (IS),Ilocos Sur
San Vicente (NS),Northern Samar
San Vicente (PN),Palawan
Sanchez-Mira,Cagayan
Santa,Ilocos Sur
Santa Ana (CG),Cagayan
Santa Ana (PA),Pampanga
Santa Barbara (IO),Iloilo
Santa Barbara (PS),Pangasinan
Santa Catalina (IS),Ilocos Sur
Santa Catalina (NR),Negros Oriental
Santa Cruz (DS),Davao Del Sur
Santa Cruz (IS),Ilocos Sur
Santa Cruz (LA),Laguna
Santa Cruz (ME),Marinduque
Santa Cruz (OM),Occidental Mindoro
Santa Cruz (ZA),Zambales
Santa Elena,Camarines Norte
Santa Fe (CU),Cebu
Santa Fe (LE),Leyte
Santa Fe (NV),Nueva Vizcaya
Santa Fe (RN),Romblon
Santa Ignacia,Tarlac
Santa Josefa,Agusan Del Sur
Santa Lucia,Ilocos Sur
Santa Magdalena,Sorsogon
Santa Marcela,Apayao
Santa Margarita,Samar (Western Samar)
Santa Maria (BU),Bulacan
Santa Maria (DS),Davao Occidental
Santa Maria (IA),Isabela
Santa Maria (Imelda),Romblon
Santa Maria (IS),Ilocos Sur
Santa Maria (LA),Laguna
Santa Maria (PS),Pangasinan
Santa Monica,Surigao Del Norte
Santa Praxedes,Cagayan
Santa Rita (PA),Pampanga
Santa Rita (WS),Samar (Western Samar)
Santa Rosa (LA),Laguna
Santa Rosa (NE),Nueva Ecija
Santa Teresita (BS),Batangas
Santa Teresita (CG),Cagayan
Santander,Cebu
Santiago (AN),Agusan Del Norte
Santiago (IA),Isabela
Santiago (IS),Ilocos Sur
Santo Domingo (AY),Albay
Santo Domingo (IS),Ilocos Sur
Santo Domingo (NE),Nueva Ecija
Santo Nino (CG),Cagayan
Santo Nino (SC),South Cotabato
Santo Nino (WS),Samar (Western Samar)
Santo Tomas (BS),Batangas
Santo Tomas (DN),Davao Del Norte
Santo Tomas (IA),Isabela
Santo Tomas (LU),La Union
Santo Tomas (PA),Pampanga
Santo Tomas (PS),Pangasinan
Santol,La Union
Sapa-Sapa,Tawi-Tawi
Sapad,Lanao Del Norte
Sapang Dalaga,Misamis Occidental
Sapi-An,Capiz
Sara,Iloilo
Sarangani,Davao Occidental
Sariaya,Quezon
Sarrat,Ilocos Norte
Sasmuan,Pampanga
Science City of Munoz,Nueva Ecija
Sebaste,Antique
Senator Ninoy Aquino,Sultan Kudarat
Sergio Osmena,Zamboanga Del Norte
Sevilla,Bohol
Shariff Aguak,Maguindanao
Shariff Saydona Mustapha,Maguindanao
Siasi,Sulu
Siaton,Negros Oriental
Siay,Zamboanga Sibugay
Siayan,Zamboanga Del Norte
Sibagat,Agusan Del Sur
Sibalom,Antique
Sibonga,Cebu
Sibuco,Zamboanga Del Norte
Sibulan,Negros Oriental
Sibunag,Guimaras
Sibutad,Zamboanga Del Norte
Sibutu,Tawi-Tawi
Sierra Bullones,Bohol
Sigay,Ilocos Sur
Sigma,Capiz
Sikatuna,Bohol
Silago,Southern Leyte
Silang,Cavite
Silay,Negros Occidental
Silvino Lobos,Northern Samar
Simunul,Tawi-Tawi
Sinacaban,Misamis Occidental
Sinait,Ilocos Sur
Sindangan,Zamboanga Del Norte
Siniloan,Laguna
Siocon,Zamboanga Del Norte
Sipalay,Negros Occidental
Sipocot,Camarines Sur
Siquijor,Siquijor
Sirawai,Zamboanga Del Norte
Siruma,Camarines Sur
Sison (PS),Pangasinan
Sison (SN),Surigao Del Norte
Sitangkai,Tawi-Tawi
Socorro (OR),Oriental Mindoro
Socorro (SN),Surigao Del Norte
Sofronio Espanola,Palawan
Sogod (CU),Cebu
Sogod (SL),Southern Leyte
Solana,Cagayan
Solano,Nueva Vizcaya
Solsona,Ilocos Norte
Sominot,Zamboanga Del Sur
Sorsogon,Sorsogon
South Ubian,Tawi-Tawi
South Upi,Maguindanao
Sual,Pangasinan
Subic,Zambales
Sudipen,La Union
Sugbongcogon,Misamis Oriental
Sugpon,Ilocos Sur
Sulat,Eastern Samar
Sulop,Davao Del Sur
Sultan Dumalondong,Lanao Del Sur
Sultan Kudarat,Maguindanao
Sultan Mastura,Maguindanao
Sultan Naga Dimaporo,Lanao Del Norte
Sultan Sa Barongis,Maguindanao
Sumilao,Bukidnon
Sumisip,Basilan
Surallah,South Cotabato
Surigao,Surigao Del Norte
Suyo,Ilocos Sur
Taal,Batangas
Tabaco,Albay
Tabango,Leyte
Tabina,Zamboanga Del Sur
Tabogon,Cebu
Tabontabon,Leyte
Tabuan-Lasa,Basilan
Tabuelan,Cebu
Tabuk,Kalinga
Tacloban,Leyte
Tacurong,Sultan Kudarat
Tadian,Mountain Province
Taft,Eastern Samar
Tagana-An,Surigao Del Norte
Tagapul-An,Samar (Western Samar)
Tagaytay,Cavite
Tagbilaran,Bohol
Tagbina,Surigao Del Sur
Tagkawayan,Quezon
Tago,Surigao Del Sur
Tagoloan (LN),Lanao Del Norte
Tagoloan (MO),Misamis Oriental
Tagoloan Ii,Lanao Del Sur
Tagudin,Ilocos Sur
Taguig,Metro Manila
Tagum,Davao Del Norte
Talacogon,Agusan Del Sur
Talaingod,Davao Del Norte
Talakag,Bukidnon
Talalora,Samar (Western Samar)
Talavera,Nueva Ecija
Talayan,Maguindanao
Talibon,Bohol
Talipao,Sulu
Talisay (BS),Batangas
Talisay (CN),Camarines Norte
Talisay  (CU),Cebu
Talisay (NO),Negros Occidental
Talisayan,Misamis Oriental
Talitay,Maguindanao
Talugtug,Nueva Ecija
Talusan,Zamboanga Sibugay
Tambulig,Zamboanga Del Sur
Tampakan,South Cotabato
Tamparan,Lanao Del Sur
Tampilisan,Zamboanga Del Norte
Tanauan (BS),Batangas
Tanauan (LE),Leyte
Tanay,Rizal
Tandag,Surigao Del Sur
Tandubas,Tawi-Tawi
Tangalan,Aklan
Tangcal,Lanao Del Norte
Tangub,Misamis Occidental
Tanjay,Negros Oriental
Tantangan,South Cotabato
Tanudan,Kalinga
Tanza,Cavite
Tapaz,Capiz
Tapul,Sulu
Taraka,Lanao Del Sur
Tarangnan,Samar (Western Samar)
Tarlac,Tarlac
Tarragona,Davao Oriental
Tayabas,Quezon
Tayasan,Negros Oriental
Taysan,Batangas
Taytay (PN),Palawan
Taytay (RL),Rizal
Tayug,Pangasinan
Tayum,Abra
Teresa,Rizal
Ternate,Cavite
Tiaong,Quezon
Tibiao,Antique
Tigaon,Camarines Sur
Tigbao,Zamboanga Del Sur
Tigbauan,Iloilo
Tinambac,Camarines Sur
Tineg,Abra
Tinglayan,Kalinga
Tingloy,Batangas
Tinoc,Ifugao
Tipo-Tipo,Basilan
Titay,Zamboanga Sibugay
Tiwi,Albay
Tobias Fornier,Antique
Toboso,Negros Occidental
Toledo,Cebu
Tolosa,Leyte
Tomas Oppus,Southern Leyte
Tongkil,Sulu
Torrijos,Marinduque
Trece Martires,Cavite
Trento,Agusan Del Sur
Trinidad,Bohol
Tuao,Cagayan
Tuba,Benguet
Tubajon,Dinagat Islands
Tubao,La Union
Tubaran,Lanao Del Sur
Tubay,Agusan Del Norte
Tubigon,Bohol
Tublay,Benguet
Tubo,Abra
Tubod (LN),Lanao Del Norte
Tubod (SN),Surigao Del Norte
Tubungan,Iloilo
Tuburan (BA),Basilan
Tuburan (CU),Cebu
Tudela (CU),Cebu
Tudela (MC),Misamis Occidental
Tugaya,Lanao Del Sur
Tuguegarao,Cagayan
Tukuran,Zamboanga Del Sur
Tulunan,Cotabato (North Cotabato)
Tumauini,Isabela
Tunga,Leyte
Tungawan,Zamboanga Sibugay
Tupi,South Cotabato
Turtle Islands,Tawi-Tawi
Tuy,Batangas
Ubay,Bohol
Umingan,Pangasinan
Ungkaya Pukan,Basilan
Unisan,Quezon
Upi,Maguindanao
Urbiztondo,Pangasinan
Urdaneta,Pangasinan
Uson,Masbate
Uyugan,Batanes
Valderrama,Antique
Valencia (BK),Bukidnon
Valencia (BL),Bohol
Valencia (NR),Negros Oriental
Valenzuela,Metro Manila
Valladolid,Negros Occidental
Vallehermoso,Negros Oriental
Veruela,Agusan Del Sur
Victoria (LA),Laguna
Victoria (NS),Northern Samar
Victoria (OR),Oriental Mindoro
Victoria (TC),Tarlac
Victorias,Negros Occidental
Viga,Catanduanes
Vigan,Ilocos Sur
Villaba,Leyte
Villanueva,Misamis Oriental
Villareal,Samar (Western Samar)
Villasis,Pangasinan
Villaverde,Nueva Vizcaya
Villaviciosa,Abra
Vincenzo A Sagun,Zamboanga Del Sur
Vintar,Ilocos Norte
Vinzons,Camarines Norte
Virac,Catanduanes
Wao,Lanao Del Sur
Zamboanga,Zamboanga City
Zamboanguita,Negros Oriental
Zaragoza,Nueva Ecija
Zarraga,Iloilo
Zumarraga,Samar (Western Samar)
