,name
0,Aborlan
1,Abra De Ilog
2,Abucay
3,Abulug
4,Abuyog
5,Adams
6,Agdangan
7,Aglipay
8,Agno
9,Agoncillo
10,Agoo
11,Aguilar
12,Aguinaldo
13,Agutaya
14,Ajuy
15,Akbar
16,Alabat
17,Alabel
18,Alamada
19,Alaminos (LA)
20,Alaminos (PS)
21,Alang-Alang
22,Al-Barka
23,Albuera
24,Alburquerque
25,Alcala (CG)
26,Alcala (PS)
27,Alcantara (CU)
28,Alcantara (RN)
29,Alcoy
30,Alegria (CU)
31,Alegria (SN)
32,Aleosan
33,Alfonso
34,Alfonso Castaneda
35,Alfonso Lista
36,Aliaga
37,Alicia (BL)
38,Alicia (IA)
39,Alicia (ZS)
40,Alilem
41,Alimodian
42,Alitagtag
43,Allacapan
44,Allen
45,Almagro
46,Almeria
47,Aloguinsan
48,Aloran
49,Altavas
50,Alubijid
51,Amadeo
52,Amai Manabilang
53,Ambaguio
54,Amlan
55,Ampatuan
56,Amulung
57,Anahawan
58,Anao
59,Anda (BL)
60,Anda (PS)
61,Angadanan
62,Angat
63,Angeles
64,Angono
65,Anilao
66,Anini-Y
67,Antequera
68,Antipas
69,Antipolo
70,Apalit
71,Aparri
72,Araceli
73,Arakan
74,Arayat
75,Argao
76,Aringay
77,Aritao
78,Aroroy
79,Arteche
80,Asingan
81,Asipulo
82,Asturias
83,Asuncion
84,Atimonan
85,Atok
86,Aurora (IA)
87,Aurora (ZR)
88,Ayungon
89,Baao
90,Babatngon
91,Bacacay
92,Bacarra
93,Baclayon
94,Bacnotan
95,Baco
96,Bacolod (LN)
97,Bacolod (NO)
98,Bacolod-Kalawi
99,Bacolor
100,Bacong
101,Bacoor
102,Bacuag
103,Bacungan Leon B. Postigo
104,Badian
105,Badiangan
106,Badoc
107,Bagabag
108,Bagac
109,Bagamanoc
110,Baganga
111,Baggao
112,Bago
113,Baguio
114,Bagulin
115,Bagumbayan
116,Bais
117,Bakun
118,Balabac
119,Balabagan
120,Balagtas
121,Balamban
122,Balanga
123,Balangiga
124,Balangkayan
125,Balaoan
126,Balasan
127,Balatan
128,Balayan
129,Balbalan
130,Baleno
131,Baler
132,Balete (AK)
133,Balete (BS)
134,Baliangao
135,Baliguian
136,Balilihan
137,Balindong
138,Balingasag
139,Balingoan
140,Baliwag
141,Ballesteros
142,Baloi
143,Balud
144,Balungao
145,Bamban
146,Bambang
147,Banate
148,Banaue
149,Banaybanay
150,Banayoyo
151,Banga (AK)
152,Banga (SC)
153,Bangar
154,Bangued
155,Bangui
156,Bani
157,Banisilan
158,Banna
159,Bansalan
160,Bansud
161,Bantay
162,Bantayan Island
163,Banton
164,Baras (CT)
165,Baras (RL)
166,Barbaza
167,Barcelona
168,Barili
169,Barira
170,Barlig
171,Barobo
172,Barotac Nuevo
173,Barotac Viejo
174,Baroy
175,Barugo
176,Basay
177,Basco
178,Basey
179,Basilisa
180,Basista
181,Basud (CN)
182,Batac
183,Batad
184,Batan
185,Batangas
186,Bataraza
187,Bato (CS)
188,Bato (CT)
189,Bato (LE)
190,Batuan (BL)
191,Batuan (MS)
192,Bauan
193,Bauang
194,Bauko
195,Baungon
196,Bautista
197,Bay
198,Bayabas
199,Bayambang
200,Bayang
201,Bayawan
202,Baybay
203,Bayog
204,Bayombong
205,Bayugan
206,Belison
207,Benito Soliven
208,Besao
209,Bien Unido
210,Bilar
211,Biliran
212,Binalbagan
213,Binalonan
214,Binangonan
215,Bindoy
216,Bingawan
217,Binidayan
218,Binmaley
219,Binuangan
220,Biri
221,Bislig
222,Binan
223,Boac
224,Bobon
225,Bocaue
226,Bogo
227,Bokod
228,Bolinao
229,Boliney
230,Boljoon
231,Bombon
232,Bongabon
233,Bongabong
234,Bongao
235,Bonifacio
236,Bontoc (MP)
237,Bontoc (SL)
238,Borbon
239,Borongan
240,Boston
241,Botolan
242,Braulio E. Dujali
243,Brooke's Point
244,Buadiposo-Buntong
245,Bubong
246,Bucay
247,Bucloc
248,Buenavista (AN)
249,Buenavista (BL)
250,Buenavista (GS)
251,Buenavista (ME)
252,Buenavista (QN)
253,Bugallon
254,Bugasong
255,Buguey
256,Buguias
257,Buhi
258,Bula
259,Bulakan
260,Bulalacao
261,Bulan
262,Buldon
263,Buluan
264,Bulusan
265,Bunawan
266,Burauen
267,Burdeos
268,Burgos (IN)
269,Burgos (IS)
270,Burgos (IA)
271,Burgos (LU)
272,Burgos (PS)
273,Burgos (SN)
274,Buruanga
275,Bustos
276,Busuanga
277,Butig
278,Butuan
279,Buug
280,Caba
281,Cabadbaran
282,Cabagan
283,Cabanatuan
284,Cabangan
285,Cabanglasan
286,Cabarroguis
287,Cabatuan (IO)
288,Cabatuan (IA)
289,Cabiao
290,Cabucgayan
291,Cabugao
292,Cabusao
293,Cabuyao
294,Cadiz
295,Cagayancillo
296,Cagayan De Oro
297,Cagdianao
298,Cagwait
299,Caibiran
300,Cainta
301,Cajidiocan
302,Calabanga
303,Calaca
304,Calamba (LA)
305,Calamba (MC)
306,Calanasan
307,Calanogas
308,Calapan
309,Calape
310,Calasiao
311,Calatagan
312,Calatrava (NO)
313,Calatrava (RN)
314,Calauag
315,Calauan
316,Calayan
317,Calbayog
318,Calbiga
319,Calinog
320,Calintaan
321,Caloocan
322,Calubian
323,Calumpit
324,Caluya
325,Camalaniugan
326,Camalig
327,Camaligan
328,Camiling
329,Canaman
330,Can-Avid
331,Candaba
332,Candelaria (QN)
333,Candelaria (ZA)
334,Candijay
335,Candon
336,Candoni
337,Canlaon
338,Cantilan
339,Caoayan
340,Capalonga
341,Capas
342,Capoocan
343,Capul
344,Caraga
345,Caramoan
346,Caramoran
347,Carasi
348,Carcar
349,Cardona
350,Carigara
351,Carles
352,Carmen (AN)
353,Carmen (BL)
354,Carmen (CU)
355,Carmen (NC)
356,Carmen (DN)
357,Carmen (SS)
358,Carmona
359,Carranglan
360,Carrascal
361,Casiguran (AU)
362,Casiguran (SO)
363,Castilla
364,Castillejos
365,Cataingan
366,Catanauan
367,Catarman (CM)
368,Catarman (NS)
369,Catbalogan
370,Cateel
371,Catigbian
372,Catmon
373,Catubig
374,Cauayan (IA)
375,Cauayan (NO)
376,Cavinti
377,Cavite
378,Cawayan
379,Cebu
380,Cervantes
381,Clarin (BL)
382,Clarin (MC)
383,Claver
384,Claveria (CG)
385,Claveria (MS)
386,Claveria (MO)
387,Columbio
388,Compostela (CU)
389,Compostela (DDO)
390,Concepcion (IO)
391,Concepcion
392,Concepcion (RN)
393,Concepcion (TC)
394,Conner
395,Consolacion
396,Corcuera
397,Cordon
398,Cordova
399,Corella
400,Coron
401,Cortes (BL)
402,Cortes (SS)
403,Cotabato
404,Cuartero
405,Cuenca
406,Culaba
407,Culasi
408,Culion
409,Currimao
410,Cuyapo
411,Cuyo
412,Daan Bantayan
413,Daet
414,Dagami
415,Dagohoy
416,Daguioman
417,Dagupan
418,Dalaguete
419,Damulog
420,Danao (BL)
421,Danao (CU)
422,Dangcagan
423,Danglas
424,Dao
425,Dapa
426,Dapitan
427,Daraga
428,Daram
429,Dasmarinas
430,Dasol
431,Datu Abdullah Sangki
432,Datu Anggal Midtimbang
433,Datu Blah Sinsuat
434,Datu Hoffer Ampatuan
435,Datu Odin Sinsuat
436,Datu Paglas
437,Datu Piang
438,Datu Salibo
439,Datu Saudi-Ampatuan
440,Datu Unsay
441,Dauin
442,Dauis
443,Davao
444,Del Carmen
445,Delfin Albano
446,Del Gallego
447,Diadi
448,Diffun
449,Digos
450,Dilasag
451,Dimasalang
452,Dimataling
453,Dimiao
454,Dinagat
455,Dinalungan
456,Dinalupihan
457,Dinapigue
458,Dinas
459,Dingalan
460,Dingle
461,Dingras
462,Dipaculao
463,Diplahan
464,Dipolog
465,Ditsaan-Ramain
466,Divilacan
467,Dolores (AA)
468,Dolores (ES)
469,Dolores (QN)
470,Don Carlos
471,Don Marcelino
472,Donsol
473,Don Victoriano Chiongbian
474,Dona Remedios Trinidad
475,Duero
476,Duenas
477,Dulag
478,Dumaguete
479,Dumalag
480,Dumalinao
481,Dumalneg
482,Dumangas
483,Dumanjug
484,Dumaran
485,Dumarao
486,Dumingag
487,Dupax Del Norte
488,Dupax Del Sur
489,Echague
490,El Nido
491,El Salvador
492,Enrile
493,E. B. Magalona
494,Enrique Villanueva
495,Escalante
496,Esperanza (AS)
497,Esperanza (MS)
498,Esperanza (SK)
499,Estancia
500,Famy
501,Ferrol
502,Flora
503,Floridablanca
504,Gabaldon
505,Gainza
506,Galimuyod
507,Gamay
508,Gamu
509,Ganassi
510,Gandara
511,Gapan
512,Garchitorena
513,Garcia-Hernandez
514,Gasan
515,Gattaran
516,Gen. Emilio Aguinaldo
517,General Luna (QN)
518,General Luna  (SN)
519,General Macarthur
520,General Mamerto Natividad
521,General Nakar
522,General Santos
523,General Tinio
524,General Trias
525,Gen. Mariano Alvarez
526,Gen S.K Pendatun
527,Gerona
528,Getafe
529,Gigaquit
530,Gigmoto
531,Ginatilan
532,Gingoog
533,Giporlos
534,Gitagum
535,Glan
536,Gloria
537,Goa
538,Godod
539,Gonzaga
540,Governor Generoso
541,Gregorio Del Pilar
542,Guagua
543,Gubat
544,Guiguinto (BU)
545,Guihulngan
546,Guimba
547,Guimbal
548,Guinayangan
549,Guindulman
550,Guindulungan
551,Guinobatan
552,Guinsiliban
553,Guipos
554,Guiuan
555,Gumaca
556,Gutalac
557,Hadji Mohammad Ajul
558,Hadji Muhtamad
559,Hadji Panglima Tahil
560,Hagonoy (BU)
561,Hagonoy (DS)
562,Hamtic
563,Hermosa
564,Hernani
565,Hilongos
566,Himamaylan
567,Hinabangan
568,Hinatuan
569,Hindang
570,Hingyon
571,Hinigaran
572,Hinobaan
573,Hinunangan
574,Hinundayan
575,Hungduan
576,Iba
577,Ibaan
578,Ibajay
579,Igbaras
580,Iguig
581,Ilagan
582,Iligan
583,Ilog
584,Iloilo
585,Imelda
586,Impasug-Ong
587,Imus
588,Inabanga
589,Indanan
590,Indang
591,Infanta (PS)
592,Infanta (QN)
593,Initao
594,Inopacan
595,Ipil
596,Iriga
597,Irosin
598,Isabel
599,Isabela (BAS)
600,Isabela (NO)
601,Igacos
602,Isulan
603,Itbayat
604,Itogon
605,Ivana
606,Ivisan
607,Jabonga
608,Jaen
609,Jagna
610,Jalajala
611,Jamindan
612,Janiuay
613,Jaro
614,Jasaan
615,Javier
616,Jiabong
617,Jimalalud
618,Jimenez
619,Jipapad
620,Jolo
621,Jomalig
622,Jones
623,Jordan
624,Jose Abad Santos
625,Jose Dalman
626,Josefina
627,Jose Panganiban
628,Jovellar
629,Juban
630,Julita
631,Kabacan
632,Kabankalan
633,Kabasalan
634,Kabayan
635,Kabugao
636,Kabuntalan
637,Kadingilan
638,Kalamansig
639,Kalawit
640,Kalayaan (LA)
641,Kalayaan (PN)
642,Kalibo
643,Kalilangan
644,Kalingalan Caluang
645,Kananga
646,Kapai
647,Kapalong
648,Kapangan
649,Kapatagan (LN)
650,Kapatagan (LS)
651,Kasibu
652,Katipunan
653,Kauswagan
654,Kawayan
655,Kawit
656,Kayapa
657,Kiamba
658,Kiangan
659,Kibawe
660,Kiblawan
661,Kibungan
662,Kidapawan
663,Kinoguitan
664,Kitaotao
665,Kitcharao
666,Kolambugan
667,Koronadal
668,Kumalarang
669,Laak
670,Labangan
671,Labason
672,Labo
673,Labrador
674,La Carlota
675,La Castellana
676,Lacub
677,Lagangilang
678,Lagawe
679,Lagayan
680,Lagonglong
681,Lagonoy
682,Laguindingan
683,Lake Sebu
684,Lakewood
685,Lala
686,La Libertad (NR)
687,La Libertad (ZN)
688,Lallo
689,Lambayong
690,Lambunao
691,Lamitan
692,Lamut
693,Langiden
694,Languyan
695,Lantapan
696,Lantawan
697,Lanuza
698,Laoac
699,Laoag
700,Laoang
701,La Paz (AA)
702,La Paz (AS)
703,La Paz (LE)
704,La Paz (TC)
705,Lapinig
706,Lapu Lapu
707,Lapuyan
708,Larena
709,Lasam
710,Las Navas
711,Las Nieves
712,Las Pinas
713,La Trinidad
714,Laua-An
715,Laur
716,Laurel
717,Lavezares
718,Lawaan
719,Lazi
720,Lebak
721,Leganes
722,Legazpi
723,Lemery (BS)
724,Lemery (IO)
725,Leon
726,Leyte
727,Lezo
728,Lian
729,Lianga
730,Libacao
731,Libagon
732,Libertad (AE)
733,Libertad (MO)
734,Libjo
735,Libmanan
736,Libon
737,Libona
738,Libungan
739,Licab
740,Licuan-Baay
741,Lidlidda
742,Ligao
743,Lila
744,Liliw
745,Liloan (CU)
746,Liloan (SL)
747,Liloy
748,Limasawa
749,Limay
750,Linamon
751,Linapacan
752,Lingayen
753,Lingig
754,Lipa
755,Llanera
756,Llorente
757,Loay
758,Lobo
759,Loboc
760,Looc (OM)
761,Looc (RN)
762,Loon
763,Lope De Vega
764,Lopez
765,Lopez Jaena
766,Loreto (AS)
767,Loreto (DI)
768,Los Banos
769,Luba
770,Lubang
771,Lubao
772,Lubuagan
773,Lucban
774,Lucena
775,Lugait
776,Lugus
777,Luisiana
778,Lumba-Bayabao
779,Lumbaca-Unayan
780,Lumban
781,Lumbatan
782,Lumbayanague
783,Luna (AO)
784,Luna (IA)
785,Luna (LU)
786,Lupao
787,Lupi
788,Lupon
789,Lutayan
790,Luuk
791,Maasim
792,Maasin (IO)
793,Maasin (SL)
794,Ma-Ayon
795,Mabalacat
796,Mabinay
797,Mabini (BS)
798,Mabini (BL)
799,Mabini (CV)
800,Mabini (PS)
801,Mabitac
802,Mabuhay
803,Macabebe
804,Macalelon
805,Macarthur
806,Maco
807,Maconacon
808,Macrohon
809,Madalag
810,Madalum
811,Madamba
812,Maddela
813,Madrid
814,Madridejos
815,Magalang
816,Magallanes (AN)
817,Magallanes (CE)
818,Magallanes (SO)
819,Magarao
820,Magdalena
821,Magdiwang
822,Magpet
823,Magsaysay (DS)
824,Magsaysay (LN)
825,Magsaysay (MO)
826,Magsaysay (OM)
827,Magsaysay (PN)
828,Magsingal
829,Maguing
830,Mahaplag
831,Mahatao
832,Mahayag
833,Mahinog
834,Maigo
835,Maimbung
836,Mainit
837,Maitum
838,Majayjay
839,Makati
840,Makato
841,Makilala
842,Malabang
843,Malabon
844,Malabuyoc
845,Malalag
846,Malangas
847,Malapatan
848,Malasiqui
849,Malay
850,Malaybalay
851,Malibcong
852,Malilipot
853,Malimono
854,Malinao (AK)
855,Malinao (AY)
856,Malita
857,Malitbog (BK)
858,Malitbog (SL)
859,Mallig
860,Malolos
861,Malungon
862,Maluso
863,Malvar
864,Mamasapano
865,Mambajao
866,Mamburao
867,Mambusao
868,Manabo
869,Manaoag
870,Manapla
871,Manay
872,Mandaluyong
873,Mandaon
874,Mandaue
875,Mangaldan
876,Mangatarem
877,Mangudadatu
878,Manila
879,Manito
880,Manjuyod
881,Mankayan
882,Manolo Fortich
883,Mansalay
884,Manticao
885,Manukan
886,Mapanas
887,Mapandan
888,Mapun
889,Marabut
890,Maragondon
891,Maragusan
892,Maramag
893,Marantao
894,Marawi
895,Marcos
896,Margosatubig
897,Maria
898,Maria Aurora
899,Maribojoc
900,Marihatag
901,Marikina
902,Marilao
903,Maripipi
904,Mariveles
905,Marogong
906,Masbate
907,Masinloc
908,Masiu
909,Maslog
910,Masantol
911,Mataasnakahoy
912,Matag-Ob
913,Matalam
914,Matalom
915,Matanao
916,Matanog
917,Mati
918,Matnog
919,Matuguinao
920,Matungao
921,Mauban
922,Mawab
923,Mayantoc
924,Maydolong
925,Mayorga
926,Mayoyao
927,Medellin
928,Medina
929,Mendez
930,Mercedes
931,Mercedes (ES)
932,Merida
933,Mexico
934,Meycauayan
935,Miag-ao
936,Midsalip
937,Midsayap
938,Milagros
939,Milaor
940,Mina
941,Minalabac
942,Minalin
943,Minglanilla
944,Mlang
945,Moalboal
946,Mobo
947,Mogpog
948,Moises Padilla
949,Molave
950,Moncada
951,Mondragon
952,Monkayo
953,Monreal
954,Montevista
955,Morong (BN)
956,Morong (RL)
957,Motiong
958,Mulanay
959,Mulondo
960,Munai
961,Muntinlupa
962,Murcia
963,Mutia
964,Naawan
965,Nabas
966,Nabua
967,Nabunturan
968,Naga (CS)
969,Naga (CU)
970,Naga (ZS)
971,Nagbukel
972,Nagcarlan
973,Nagtipunan
974,Naguilian (IA)
975,Naguilian (LU)
976,Naic
977,Nampicuan
978,Narra
979,Narvacan
980,Nasipit
981,Nasugbu
982,Natividad
983,Natonin
984,Naujan
985,Naval
986,Navotas
987,New Bataan
988,New Corella
989,New Lucena
990,New Washington
991,Norala
992,Northern Kabuntalan
993,Norzagaray
994,Noveleta
995,Nueva Era
996,Nueva Valencia
997,Numancia
998,Nunungan
999,Oas
1000,Obando
1001,Ocampo
1002,Odiongan
1003,Old Panamao
1004,Olongapo
1005,Olutanga
1006,Omar
1007,Opol
1008,Orani
1009,Oras
1010,Orion
1011,Ormoc
1012,Oroquieta
1013,Oslob
1014,Oton
1015,Ozamiz
1016,Padada
1017,Padre Burgos (QN)
1018,Padre Burgos (SL)
1019,Padre Garcia
1020,Paete
1021,Pagadian
1022,Pagagawan
1023,Pagalungan
1024,Pagayawan
1025,Pagbilao
1026,Paglat
1027,Pagsanghan
1028,Pagsanjan
1029,Pagudpud
1030,Pakil
1031,Palanan
1032,Palanas
1033,Palapag
1034,Palauig
1035,Palayan
1036,Palimbang
1037,Palo
1038,Palompon
1039,Paluan
1040,Pambujan
1041,Pamplona (CG)
1042,Pamplona (CS)
1043,Pamplona (NR)
1044,Panabo
1045,Panaon
1046,Panay
1047,Pandag
1048,Pandami
1049,Pandan (AE)
1050,Pandan (CT)
1051,Pandi
1052,Panganiban
1053,Pangantucan
1054,Pangil
1055,Panglao
1056,Panglima Estino
1057,Panglima Sugala
1058,Pangutaran
1059,Paniqui
1060,Panitan
1061,Pantabangan
1062,Pantao Ragat
1063,Pantar
1064,Pantukan
1065,Panukulan
1066,Paoay
1067,Paombong
1068,Paracale
1069,Paracelis
1070,Paranas
1071,Parang (MA)
1072,Parang (SU)
1073,Paranaque
1074,Pasacao
1075,Pasay
1076,Pasig
1077,Pasil
1078,Passi
1079,Pastrana
1080,Pasuquin
1081,Pata
1082,Pateros
1083,Patikul
1084,Patnanungan
1085,Patnongon
1086,Pavia
1087,Payao
1088,Perez
1089,Penablanca
1090,Penaranda
1091,Penarrubia
1092,Piagapo
1093,Piat
1094,Picong
1095,Piddig
1096,Pidigan
1097,Pigcawayan
1098,Pikit
1099,Pila
1100,Pilar (AA)
1101,Pilar (BN)
1102,Pilar (BL)
1103,Pilar (CZ)
1104,Pilar (CU)
1105,Pilar (SO)
1106,Pilar (SN)
1107,Pili
1108,Pililla
1109,Pinabacdao
1110,Pinamalayan
1111,Pinamungajan
1112,Pinili
1113,Pintuyan
1114,Pinukpuk
1115,Pio Duran
1116,Pio V Corpuz
1117,Pitogo (QN)
1118,Pitogo (ZR)
1119,Pinan
1120,Placer (MS)
1121,Placer (SN)
1122,Plaridel (BU)
1123,Plaridel (MC)
1124,Plaridel (QN)
1125,Pola
1126,Polanco
1127,Polangui
1128,Polillo
1129,Polomolok
1130,Pontevedra (CZ)
1131,Pontevedra (NO)
1132,Poona Bayabao
1133,Poona Piagapo
1134,Porac
1135,Poro
1136,Pototan
1137,Pozorrubio
1138,Presentacion
1139,President Garcia
1140,President Quirino
1141,President Roxas (CZ)
1142,President Roxas (NC)
1143,Roxas (ZN)
1144,Prieto Diaz
1145,Prosperidad
1146,Pualas
1147,Pudtol
1148,Puerto Galera
1149,Puerto Princesa
1150,Pugo
1151,Pulilan
1152,Pulupandan
1153,Pura
1154,Quezon (BK)
1155,Quezon (IA)
1156,Quezon (MM)
1157,Quezon (NE)
1158,Quezon (NV)
1159,Quezon (PN)
1160,Quezon (QN)
1161,Quinapondan
1162,Quirino (IS)
1163,Quirino (IA)
1164,Ragay
1165,Rajah Buayan
1166,Ramon
1167,Ramon Magsaysay
1168,Ramos
1169,Rapu-Rapu
1170,Real
1171,Reina Mercedes
1172,Remedios T. Romualdez
1173,Rizal (CG)
1174,Rizal (KA)
1175,Rizal (LA)
1176,Rizal (NE)
1177,Rizal (OM)
1178,Rizal (PN)
1179,Rizal (ZN)
1180,Rodriguez
1181,Romblon
1182,Ronda
1183,Rosales
1184,Rosario (AS)
1185,Rosario (BS)
1186,Rosario (CE)
1187,Rosario (LU)
1188,Rosario (NS)
1189,R.T. Lim
1190,Roxas (CZ)
1191,Roxas (IA)
1192,Roxas (OR)
1193,Roxas (PN)
1194,Sabangan
1195,Sablan
1196,Sablayan
1197,Sabtang
1198,Sadanga
1199,Sagada
1200,Sagay (CM)
1201,Sagay (NO)
1202,Sagbayan
1203,Saguday
1204,Saguiaran
1205,Sagnay
1206,Saint Bernard
1207,Salay
1208,Salcedo (ES)
1209,Salcedo (IS)
1210,Sallapadan
1211,Salug
1212,Salvador
1213,Salvador Benedicto
1214,Samal
1215,Samboan
1216,Sampaloc
1217,San Agustin (IA)
1218,San Agustin (RN)
1219,San Agustin (SS)
1220,San Andres (CT)
1221,San Andres (QN)
1222,San Andres (RN)
1223,San Antonio (NS)
1224,San Antonio (NE)
1225,San Antonio (QN)
1226,San Antonio (ZA)
1227,San Benito
1228,San Carlos (NO)
1229,San Carlos (PS)
1230,Sanchez-Mira
1231,San Clemente
1232,San Dionisio
1233,San Emilio
1234,San Enrique (IO)
1235,San Enrique (NO)
1236,San Esteban
1237,San Fabian
1238,San Felipe
1239,San Fernando (BK)
1240,San Fernando (CS)
1241,San Fernando (CU)
1242,San Fernando (LU)
1243,San Fernando (MS)
1244,San Fernando (PA)
1245,San Fernando (RN)
1246,San Francisco (AS)
1247,San Francisco (CU)
1248,San Francisco (QN)
1249,San Francisco (SL)
1250,San Francisco (SN)
1251,San Gabriel
1252,San Guillermo
1253,San Ildefonso (BU)
1254,San Ildefonso (IS)
1255,San Isidro (AA)
1256,San Isidro (BL)
1257,San Isidro (DN)
1258,San Isidro (DO)
1259,San Isidro (IA)
1260,San Isidro (LE)
1261,San Isidro (NS)
1262,San Isidro (NE)
1263,San Isidro (SN)
1264,San Jacinto (MS)
1265,San Jacinto (PS)
1266,San Joaquin
1267,San Jorge
1268,San Jose (AE)
1269,San Jose (BS)
1270,San Jose (CS)
1271,San Jose (DI)
1272,San Jose (NR)
1273,San Jose (NS)
1274,San Jose (NE)
1275,San Jose (OM)
1276,San Jose (RN)
1277,San Jose (TC)
1278,San Jose De Buan
1279,San Jose Del Monte
1280,San Juan (AA)
1281,San Juan (BS)
1282,San Juan (IS)
1283,San Juan (LU)
1284,San Juan (MM)
1285,San Juan (SR)
1286,San Juan (SL)
1287,San Julian
1288,San Leonardo
1289,San Lorenzo
1290,San Lorenzo Ruiz
1291,San Luis (AS)
1292,San Luis (AU)
1293,San Luis (BS)
1294,San Luis (PA)
1295,San Manuel (IA)
1296,San Manuel (PS)
1297,San Manuel (TC)
1298,San Marcelino
1299,San Mariano
1300,San Mateo (IA)
1301,San Mateo (RL)
1302,San Miguel (BL)
1303,San Miguel (BU)
1304,San Miguel (CT)
1305,San Miguel (IO)
1306,San Miguel (LE)
1307,San Miguel (SS)
1308,San Miguel (ZR)
1309,San Narciso (QN)
1310,San Narciso (ZA)
1311,San Nicolas (BS)
1312,San Nicolas (IN)
1313,San Nicolas (PS)
1314,San Pablo (IA)
1315,San Pablo (LA)
1316,San Pablo (ZR)
1317,San Pascual (BS)
1318,San Pascual (MS)
1319,San Pedro
1320,San Policarpo
1321,San Quintin (AA)
1322,San Quintin (PS)
1323,San Rafael (BU)
1324,San Rafael (IO)
1325,San Remigio (AE)
1326,San Remigio (CU)
1327,San Ricardo
1328,San Roque
1329,San Sebastian
1330,San Simon
1331,San Teodoro
1332,Santiago (AN)
1333,Santiago (IS)
1334,Santiago (IA)
1335,San Vicente (CN)
1336,San Vicente (IS)
1337,San Vicente (NS)
1338,San Vicente (PN)
1339,Sapad
1340,Sapang Dalaga
1341,Sapa-Sapa
1342,Sapi-An
1343,Sara
1344,Sarangani
1345,Sariaya
1346,Sarrat
1347,Sasmuan
1348,Science City of Munoz
1349,Sebaste
1350,Senator Ninoy Aquino
1351,Sergio Osmena
1352,Sevilla
1353,Shariff Aguak
1354,Shariff Saydona Mustapha
1355,Siasi
1356,Siaton
1357,Siay
1358,Siayan
1359,Sibagat
1360,Sibalom
1361,Sibonga
1362,Sibuco
1363,Sibulan
1364,Sibunag
1365,Sibutad
1366,Sibutu
1367,Sierra Bullones
1368,Sigay
1369,Sigma
1370,Sikatuna
1371,Silago
1372,Silang
1373,Silay
1374,Silvino Lobos
1375,Simunul
1376,Sinacaban
1377,Sinait
1378,Sindangan
1379,Siniloan
1380,Siocon
1381,Sipalay
1382,Sipocot
1383,Siquijor
1384,Sirawai
1385,Siruma
1386,Sison (PS)
1387,Sison (SN)
1388,Sitangkai
1389,Socorro (OR)
1390,Socorro (SN)
1391,Sofronio Espanola
1392,Sogod (CU)
1393,Sogod (SL)
1394,Solana
1395,Solano
1396,Solsona
1397,Sominot
1398,Sorsogon
1399,South Ubian
1400,South Upi
1401,Santa
1402,Santa Ana (CG)
1403,Santa Ana (PA)
1404,Santa Barbara (IO)
1405,Santa Barbara (PS)
1406,Santa Catalina (IS)
1407,Santa Catalina (NR)
1408,Santa Cruz (DS)
1409,Santa Cruz (IS)
1410,Santa Cruz (LA)
1411,Santa Cruz (ME)
1412,Santa Cruz (OM)
1413,Santa Cruz (ZA)
1414,Santa Elena
1415,Santa Fe (CU)
1416,Santa Fe (LE)
1417,Santa Fe (NV)
1418,Santa Fe (RN)
1419,Santa Ignacia
1420,Santa Josefa
1421,Santa Lucia
1422,Santa Magdalena
1423,Santa Marcela
1424,Santa Margarita
1425,Santa Maria (BU)
1426,Santa Maria (DS)
1427,Santa Maria (IS)
1428,Santa Maria (IA)
1429,Santa Maria (LA)
1430,Santa Maria (PS)
1431,Santa Maria (Imelda)
1432,Santa Monica
1433,Santander
1434,Santa Praxedes
1435,Santa Rita (PA)
1436,Santa Rita (WS)
1437,Santa Rosa (LA)
1438,Santa Rosa (NE)
1439,Santa Teresita (BS)
1440,Santa Teresita (CG)
1441,Santo Domingo (AY)
1442,Santo Domingo (IS)
1443,Santo Domingo (NE)
1444,Santol
1445,Santo Nino (CG)
1446,Santo Nino (WS)
1447,Santo Nino (SC)
1448,Santo Tomas (BS)
1449,Santo Tomas (DN)
1450,Santo Tomas (IA)
1451,Santo Tomas (LU)
1452,Santo Tomas (PA)
1453,Santo Tomas (PS)
1454,Sual
1455,Subic
1456,Sudipen
1457,Sugbongcogon
1458,Sugpon
1459,Sulat
1460,Sulop
1461,Sultan Dumalondong
1462,Sultan Kudarat
1463,Sultan Mastura
1464,Sultan Naga Dimaporo
1465,Sultan Sa Barongis
1466,Sumilao
1467,Sumisip
1468,Surallah
1469,Surigao
1470,Suyo
1471,Taal
1472,Tabaco
1473,Tabango
1474,Tabina
1475,Tabogon
1476,Tabontabon
1477,Tabuan-Lasa
1478,Tabuelan
1479,Tabuk
1480,Tacloban
1481,Tacurong
1482,Tadian
1483,Taft
1484,Tagana-An
1485,Tagapul-An
1486,Tagaytay
1487,Tagbilaran
1488,Tagbina
1489,Tagkawayan
1490,Tago
1491,Tagoloan (LN)
1492,Tagoloan (MO)
1493,Tagoloan Ii
1494,Tagudin
1495,Taguig
1496,Tagum
1497,Talacogon
1498,Talaingod
1499,Talakag
1500,Talalora
1501,Talavera
1502,Talayan
1503,Talibon
1504,Talipao
1505,Talisay (BS)
1506,Talisay (CN)
1507,Talisay  (CU)
1508,Talisay (NO)
1509,Talisayan
1510,Talitay
1511,Talugtug
1512,Talusan
1513,Tambulig
1514,Tampakan
1515,Tamparan
1516,Tampilisan
1517,Tanauan (BS)
1518,Tanauan (LE)
1519,Tanay
1520,Tandag
1521,Tandubas
1522,Tangalan
1523,Tangcal
1524,Tangub
1525,Tanjay
1526,Tantangan
1527,Tanudan
1528,Tanza
1529,Tapaz
1530,Tapul
1531,Taraka
1532,Tarangnan
1533,Tarlac
1534,Tarragona
1535,Tayabas
1536,Tayasan
1537,Taysan
1538,Taytay (PN)
1539,Taytay (RL)
1540,Tayug
1541,Tayum
1542,T'Boli
1543,Teresa
1544,Ternate
1545,Tiaong
1546,Tibiao
1547,Tigaon
1548,Tigbao
1549,Tigbauan
1550,Tinambac
1551,Tineg
1552,Tinglayan
1553,Tingloy
1554,Tinoc
1555,Tipo-Tipo
1556,Titay
1557,Tiwi
1558,Tobias Fornier
1559,Toboso
1560,Toledo
1561,Tolosa
1562,Tomas Oppus
1563,Tongkil
1564,Torrijos
1565,Trece Martires
1566,Trento
1567,Trinidad
1568,Tuao
1569,Tuba
1570,Tubajon
1571,Tubao
1572,Tubaran
1573,Tubay
1574,Tubigon
1575,Tublay
1576,Tubo
1577,Tubod (LN)
1578,Tubod (SN)
1579,Tubungan
1580,Tuburan (BA)
1581,Tuburan (CU)
1582,Tudela (CU)
1583,Tudela (MC)
1584,Tugaya
1585,Tuguegarao
1586,Tukuran
1587,Tulunan
1588,Tumauini
1589,Tunga
1590,Tungawan
1591,Tupi
1592,Turtle Islands
1593,Tuy
1594,Ubay
1595,Umingan
1596,Ungkaya Pukan
1597,Unisan
1598,Upi
1599,Urbiztondo
1600,Urdaneta
1601,Uson
1602,Uyugan
1603,Valderrama
1604,Valencia (BL)
1605,Valencia (BK)
1606,Valencia (NR)
1607,Valenzuela
1608,Valladolid
1609,Vallehermoso
1610,Veruela
1611,Victoria (LA)
1612,Victoria (NS)
1613,Victoria (OR)
1614,Victoria (TC)
1615,Victorias
1616,Viga
1617,Vigan
1618,Villaba
1619,Villanueva
1620,Villareal
1621,Villasis
1622,Villaverde
1623,Villaviciosa
1624,Vincenzo A Sagun
1625,Vintar
1626,Vinzons
1627,Virac
1628,Wao
1629,Zamboanga
1630,Zamboanguita
1631,Zaragoza
1632,Zarraga
1633,Zumarraga
