1,Aborlan,"35,091"
2,Abra De Ilog,"31,306"
3,Abucay,"42,984"
4,Abulug,"32,497"
5,Abuyog,"59,571"
6,Adams,"1,792"
7,Agdangan,"12,764"
8,Aglipay,"30,714"
9,Agno,"29,342"
10,Agoncillo,"39,101"
11,Agoo,"63,692"
12,Aguilar,"45,100"
13,Aguinaldo,"19,408"
14,Agutaya,"12,545"
15,Ajuy,"53,462"
16,Akbar,"23,098"
17,Al-Barka,"23,736"
18,Alabat,"15,936"
19,Alabel,"88,294"
20,Alamada,"64,596"
21,Alaminos (LA),"51,659"
22,Alaminos (PS),"89,708"
23,Alang-Alang,"55,235"
24,Albuera,"46,332"
25,Alburquerque,"10,540"
26,Alcala (CG),"38,883"
27,Alcala (PS),"48,908"
28,Alcantara (CU),"15,160"
29,Alcantara (RN),"16,351"
30,Alcoy,"19,186"
31,Alegria (CU),"23,300"
32,Alegria (SN),"16,011"
33,Aleosan,"39,405"
34,Alfonso,"51,839"
35,Alfonso Castaneda,"7,940"
36,Alfonso Lista,"32,119"
37,Aliaga,"70,363"
38,Alicia (BL),"23,517"
39,Alicia (IA),"73,874"
40,Alicia (ZS),"39,456"
41,Alilem,"6,695"
42,Alimodian,"39,722"
43,Alitagtag,"25,300"
44,Allacapan,"33,571"
45,Allen,"27,043"
46,Almagro,"8,942"
47,Almeria,"17,954"
48,Aloguinsan,"32,100"
49,Aloran,"27,934"
50,Altavas,"25,639"
51,Alubijid,"35,973"
52,Amadeo,"41,901"
53,Amai Manabilang,"10,401"
54,Ambaguio,"15,250"
55,Amlan,"23,624"
56,Ampatuan,"28,941"
57,Amulung,"47,860"
58,Anahawan,"8,429"
59,Anao,"12,208"
60,Anda (BL),"16,462"
61,Anda (PS),"39,504"
62,Angadanan,"56,665"
63,Angat,"65,617"
64,Angeles,"462,928"
65,Angono,"113,283"
66,Anilao,"30,520"
67,Anini-Y,"22,018"
68,Antequera,"14,425"
69,Antipas,"25,304"
70,Antipolo,"887,399"
71,Apalit,"117,160"
72,Aparri,"65,649"
73,Araceli,"14,909"
74,Arakan,"48,228"
75,Arayat,"144,875"
76,Argao,"78,187"
77,Aringay,"50,380"
78,Aritao,"37,225"
79,Aroroy,"86,168"
80,Arteche,"16,026"
81,Asingan,"57,355"
82,Asipulo,"15,261"
83,Asturias,"47,857"
84,Asuncion,"61,893"
85,Atimonan,"70,698"
86,Atok,"19,668"
87,Aurora (IA),"36,621"
88,Aurora (ZR),"52,995"
89,Ayungon,"46,303"
90,Baao,"61,493"
91,Babatngon,"27,797"
92,Bacacay,"68,906"
93,Bacarra,"32,215"
94,Baclayon,"20,591"
95,Bacnotan,"43,591"
96,Baco,"37,215"
97,Bacolod (LN),"23,034"
98,Bacolod (NO),"613,996"
99,Bacolod-Kalawi,"20,841"
100,Bacolor,"48,066"
101,Bacong,"36,527"
102,Bacoor,"664,625"
103,Bacuag,"14,486"
104,Bacungan Leon B. Postigo,"27,639"
105,Badian,"37,912"
106,Badiangan,"27,056"
107,Badoc,"32,530"
108,Bagabag,"35,501"
109,Bagac,"33,710"
110,Bagamanoc,"11,551"
111,Baganga,"56,241"
112,Baggao,"82,782"
113,Bago,"191,210"
114,Baguio,"345,366"
115,Bagulin,"13,456"
116,Bagumbayan,"67,061"
117,Bais,"76,291"
118,Bakun,"15,357"
119,Balabac,"40,142"
120,Balabagan,"26,819"
121,Balagtas,"77,018"
122,Balamban,"95,136"
123,Balanga,"104,173"
124,Balangiga,"12,756"
125,Balangkayan,"10,125"
126,Balaoan,"41,614"
127,Balasan,"35,064"
128,Balatan,"30,922"
129,Balayan,"90,699"
130,Balbalan,"12,195"
131,Baleno,"26,096"
132,Baler,"43,785"
133,Balete (AK),"30,090"
134,Balete (BS),"22,661"
135,Baliangao,"17,092"
136,Baliguian,"23,771"
137,Balilihan,"17,903"
138,Balindong,"29,180"
139,Balingasag,"67,059"
140,Balingoan,"11,051"
141,Baliwag,"168,470"
142,Ballesteros,"34,299"
143,Baloi,"58,383"
144,Balud,"38,124"
145,Balungao,"30,006"
146,Bamban,"78,260"
147,Bambang,"53,433"
148,Banate,"33,376"
149,Banaue,"21,837"
150,Banaybanay,"44,451"
151,Banayoyo,"7,748"
152,Banga (AK),"40,318"
153,Banga (SC),"83,989"
154,Bangar,"38,041"
155,Bangued,"48,163"
156,Bangui,"14,672"
157,Bani,"52,603"
158,Banisilan,"43,677"
159,Banna,"19,438"
160,Bansalan,"70,440"
161,Bansud,"40,992"
162,Bantay,"35,731"
163,Bantayan Island,"79,084"
164,Banton,"5,536"
165,Baras (CT),"12,848"
166,Baras (RL),"87,637"
167,Barbaza,"22,704"
168,Barcelona,"22,722"
169,Barili,"80,715"
170,Barira,"36,143"
171,Barlig,"4,819"
172,Barobo,"53,146"
173,Barotac Nuevo,"58,176"
174,Barotac Viejo,"48,614"
175,Baroy,"22,600"
176,Barugo,"32,745"
177,Basay,"26,566"
178,Basco,"8,579"
179,Basey,"55,480"
180,Basilisa,"36,880"
181,Basista,"37,679"
182,Basud (CN),"41,017"
183,Batac,"55,484"
184,Batad,"22,157"
185,Batan,"33,484"
186,Batangas,"329,874"
187,Bataraza,"75,468"
188,Bato (CS),"52,137"
189,Bato (CT),"21,279"
190,Bato (LE),"38,356"
191,Batuan (BL),"12,767"
192,Batuan (MS),"15,086"
193,Bauan,"90,819"
194,Bauang,"78,449"
195,Bauko,"32,021"
196,Baungon,"37,111"
197,Bautista,"32,307"
198,Bay,"62,143"
199,Bayabas,"8,979"
200,Bayambang,"129,011"
201,Bayang,"23,965"
202,Bayawan,"117,900"
203,Baybay,"109,432"
204,Bayog,"34,519"
205,Bayombong,"61,512"
206,Bayugan,"103,202"
207,Belison,"13,539"
208,Benito Soliven,"30,190"
209,Besao,"7,040"
210,Bien Unido,"27,115"
211,Bilar,"17,590"
212,Biliran,"17,662"
213,Binalbagan,"67,270"
214,Binalonan,"54,555"
215,Binan,"333,028"
216,Binangonan,"313,631"
217,Bindoy,"39,819"
218,Bingawan,"16,164"
219,Binidayan,"22,079"
220,Binmaley,"86,881"
221,Binuangan,"8,999"
222,Biri,"11,767"
223,Bislig,"99,290"
224,Boac,"54,730"
225,Bobon,"28,481"
226,Bocaue,"141,412"
227,Bogo,"88,867"
228,Bokod,"14,435"
229,Bolinao,"92,494"
230,Boliney,"3,573"
231,Boljoon,"17,525"
232,Bombon,"16,512"
233,Bongabon,"66,839"
234,Bongabong,"72,073"
235,Bongao,"116,118"
236,Bonifacio,"32,345"
237,Bontoc (MP),"24,643"
238,Bontoc (SL),"29,799"
239,Borbon,"42,200"
240,Borongan,"66,419"
241,Boston,"14,380"
242,Botolan,"66,739"
243,Braulio E. Dujali,"30,104"
244,Brooke's Point,"66,374"
245,Buadiposo-Buntong,"16,130"
246,Bubong,"22,336"
247,Bucay,"17,115"
248,Bucloc,"2,501"
249,Buenavista (AN),"68,892"
250,Buenavista (BL),"27,261"
251,Buenavista (GS),"50,437"
252,Buenavista (ME),"23,988"
253,Buenavista (QN),"30,160"
254,Bugallon,"74,962"
255,Bugasong,"33,642"
256,Buguey,"30,175"
257,Buguias,"43,627"
258,Buhi,"77,143"
259,Bula,"69,430"
260,Bulakan,"81,232"
261,Bulalacao,"39,107"
262,Bulan,"105,190"
263,Buldon,"39,684"
264,Buluan,"57,406"
265,Bulusan,"22,884"
266,Bunawan,"49,722"
267,Burauen,"52,511"
268,Burdeos,"24,644"
269,Burgos (IA),"28,603"
270,Burgos (IN),"10,978"
271,Burgos (IS),"12,224"
272,Burgos (LU),"8,067"
273,Burgos (PS),"23,749"
274,Burgos (SN),"4,034"
275,Buruanga,"19,357"
276,Bustos,"77,199"
277,Busuanga,"22,046"
278,Butig,"19,302"
279,Butuan,"372,910"
280,Buug,"38,425"
281,Caba,"22,039"
282,Cabadbaran,"80,354"
283,Cabagan,"53,897"
284,Cabanatuan,"327,325"
285,Cabangan,"28,118"
286,Cabanglasan,"33,997"
287,Cabarroguis,"33,533"
288,Cabatuan (IA),"39,990"
289,Cabatuan (IO),"61,110"
290,Cabiao,"85,862"
291,Cabucgayan,"21,542"
292,Cabugao,"37,501"
293,Cabusao,"18,397"
294,Cabuyao,"308,745"
295,Cadiz,"158,544"
296,Cagayan De Oro,"675,950"
297,Cagayancillo,"7,242"
298,Cagdianao,"16,808"
299,Cagwait,"21,747"
300,Caibiran,"24,167"
301,Cainta,"376,933"
302,Cajidiocan,"21,861"
303,Calabanga,"83,033"
304,Calaca,"81,859"
305,Calamba (LA),"454,486"
306,Calamba (MC),"23,227"
307,Calanasan,"12,604"
308,Calanogas,"13,750"
309,Calapan,"133,893"
310,Calape,"30,863"
311,Calasiao,"95,154"
312,Calatagan,"56,449"
313,Calatrava (NO),"80,624"
314,Calatrava (RN),"11,342"
315,Calauag,"71,809"
316,Calauan,"87,693"
317,Calayan,"16,702"
318,Calbayog,"189,632"
319,Calbiga,"22,982"
320,Calinog,"62,853"
321,Calintaan,"29,826"
322,Caloocan,"166,158"
323,Calubian,"31,228"
324,Calumpit,"118,471"
325,Caluya,"35,496"
326,Camalaniugan,"24,923"
327,Camalig,"66,904"
328,Camaligan,"24,109"
329,Camiling,"87,319"
330,Can-Avid,"23,272"
331,Canaman,"36,205"
332,Candaba,"119,497"
333,Candelaria (QN),"137,881"
334,Candelaria (ZA),"30,263"
335,Candijay,"30,119"
336,Candon,"60,623"
337,Candoni,"22,157"
338,Canlaon,"58,822"
339,Cantilan,"34,060"
340,Caoayan,"19,861"
341,Capalonga,"32,215"
342,Capas,"156,056"
343,Capoocan,"33,617"
344,Capul,"12,679"
345,Caraga,"40,379"
346,Caramoan,"51,728"
347,Caramoran,"32,114"
348,Carasi,"1,567"
349,Carcar,"136,453"
350,Cardona,"50,143"
351,Carigara,"54,656"
352,Carles,"72,637"
353,Carmen (AN),"20,839"
354,Carmen (BL),"46,306"
355,Carmen (CU),"57,897"
356,Carmen (DN),"80,292"
357,Carmen (NC),"95,921"
358,Carmen (SS),"11,720"
359,Carmona,"106,256"
360,Carranglan,"42,420"
361,Carrascal,"24,586"
362,Casiguran (AU),"26,564"
363,Casiguran (SO),"35,602"
364,Castilla,"57,827"
365,Castillejos,"67,889"
366,Cataingan,"51,041"
367,Catanauan,"72,752"
368,Catarman (CM),"17,569"
369,Catarman (NS),"94,037"
370,Catbalogan,"103,879"
371,Cateel,"44,207"
372,Catigbian,"22,675"
373,Catmon,"30,471"
374,Catubig,"36,324"
375,Cauayan (IA),"143,403"
376,Cauayan (NO),"102,165"
377,Cavinti,"23,980"
378,Cavite,"100,674"
379,Cawayan,"69,265"
380,Cebu,"964,169"
381,Cervantes,"19,449"
382,Clarin (BL),"20,301"
383,Clarin (MC),"37,548"
384,Claver,"32,773"
385,Claveria (CG),"29,921"
386,Claveria (MO),"57,132"
387,Claveria (MS),"43,693"
388,Columbio,"33,258"
389,Compostela (CU),"47,898"
390,Compostela (DDO),"102,828"
391,Concepcion,"10,937"
392,Concepcion (IO),"44,633"
393,Concepcion (RN),"4,037"
394,Concepcion (TC),"169,953"
395,Conner,"26,051"
396,Consolacion,"148,012"
397,Corcuera,"10,283"
398,Cordon,"46,677"
399,Cordova,"70,595"
400,Corella,"9,479"
401,Coron,"51,803"
402,Cortes (BL),"16,954"
403,Cortes (SS),"17,924"
404,Cotabato,"328,343"
405,Cuartero,"27,408"
406,Cuenca,"36,325"
407,Culaba,"12,972"
408,Culasi,"41,228"
409,Culion,"20,139"
410,Currimao,"12,184"
411,Cuyapo,"68,066"
412,Cuyo,"22,360"
413,Daan Bantayan,"84,430"
414,Daet,"104,799"
415,Dagami,"35,147"
416,Dagohoy,"19,158"
417,Daguioman,"2,088"
418,Dagupan,"171,271"
419,Dalaguete,"67,497"
420,Damulog,"30,302"
421,Danao (BL),"17,890"
422,Danao (CU),"136,471"
423,Dangcagan,"23,723"
424,Danglas,"4,192"
425,Dao,"32,496"
426,Dapa,"36,144"
427,Dapitan,"85,202"
428,Daraga,"126,595"
429,Daram,"41,608"
430,Dasmarinas,"703,141"
431,Dasol,"31,355"
432,Datu Abdullah Sangki,"30,117"
433,Datu Anggal Midtimbang,"28,224"
434,Datu Blah Sinsuat,"28,243"
435,Datu Hoffer Ampatuan,"26,660"
436,Datu Odin Sinsuat,"116,768"
437,Datu Paglas,"33,682"
438,Datu Piang,"28,380"
439,Datu Salibo,"18,795"
440,Datu Saudi-Ampatuan,"31,060"
441,Datu Unsay,"12,890"
442,Dauin,"27,786"
443,Dauis,"45,663"
444,Davao,"1,632,991"
445,Del Carmen,"23,459"
446,Del Gallego,"25,397"
447,Delfin Albano,"29,928"
448,Diadi,"18,122"
449,Diffun,"56,102"
450,Digos,"169,393"
451,Dilasag,"17,102"
452,Dimasalang,"26,192"
453,Dimataling,"31,340"
454,Dimiao,"14,364"
455,Dinagat,"10,632"
456,Dinalungan,"12,930"
457,Dinalupihan,"118,209"
458,Dinapigue,"5,821"
459,Dinas,"36,291"
460,Dingalan,"27,878"
461,Dingle,"45,965"
462,Dingras,"38,562"
463,Dipaculao,"33,131"
464,Diplahan,"32,585"
465,Dipolog,"138,141"
466,Ditsaan-Ramain,"22,299"
467,Divilacan,"5,877"
468,Dolores (AA),"11,315"
469,Dolores (ES),"42,866"
470,Dolores (QN),"32,514"
471,Don Carlos,"66,959"
472,Don Marcelino,"44,554"
473,Don Victoriano Chiongbian,"10,183"
474,Dona Remedios Trinidad,"28,656"
475,Donsol,"52,181"
476,Duenas,"34,597"
477,Duero,"17,876"
478,Dulag,"48,992"
479,Dumaguete,"131,377"
480,Dumalag,"29,466"
481,Dumalinao,"32,928"
482,Dumalneg,"2,947"
483,Dumangas,"73,899"
484,Dumanjug,"57,823"
485,Dumaran,"23,734"
486,Dumarao,"49,506"
487,Dumingag,"48,881"
488,Dupax Del Norte,"27,514"
489,Dupax Del Sur,"19,111"
490,E. B. Magalona,"64,290"
491,Echague,"88,410"
492,El Nido,"41,606"
493,El Salvador,"58,823"
494,Enrile,"35,834"
495,Enrique Villanueva,"6,104"
496,Escalante,"94,070"
497,Esperanza (AS),"54,801"
498,Esperanza (MS),"18,568"
499,Esperanza (SK),"66,095"
500,Estancia,"53,200"
501,Famy,"16,587"
502,Ferrol,"6,964"
503,Flora,"17,391"
504,Floridablanca,"135,542"
505,Gabaldon,"38,958"
506,Gainza,"11,262"
507,Galimuyod,"10,748"
508,Gamay,"23,511"
509,Gamu,"30,655"
510,Ganassi,"23,016"
511,Gandara,"34,434"
512,Gapan,"122,968"
513,Garchitorena,"27,010"
514,Garcia-Hernandez,"24,194"
515,Gasan,"34,828"
516,Gattaran,"56,661"
517,Gen S.K Pendatun,"31,263"
518,Gen. Emilio Aguinaldo,"23,973"
519,Gen. Mariano Alvarez,"155,143"
520,General Luna  (SN),"16,771"
521,General Luna (QN),"24,804"
522,General Macarthur,"14,411"
523,General Mamerto Natividad,"44,311"
524,General Nakar,"34,225"
525,General Santos,"594,446"
526,General Tinio,"55,925"
527,General Trias,"450,583"
528,Gerona,"94,485"
529,Getafe,"30,955"
530,Gigaquit,"20,864"
531,Gigmoto,"8,712"
532,Ginatilan,"16,026"
533,Gingoog,"159,348"
534,Giporlos,"13,117"
535,Gitagum,"17,920"
536,Glan,"118,263"
537,Gloria,"45,073"
538,Goa,"71,368"
539,Godod,"17,510"
540,Gonzaga,"38,892"
541,Governor Generoso,"55,109"
542,Gregorio Del Pilar,"5,152"
543,Guagua,"128,893"
544,Gubat,"59,534"
545,Guiguinto (BU),"113,415"
546,Guihulngan,"95,969"
547,Guimba,"127,653"
548,Guimbal,"35,022"
549,Guinayangan,"45,155"
550,Guindulman,"32,408"
551,Guindulungan,"24,933"
552,Guinobatan,"82,361"
553,Guinsiliban,"6,685"
554,Guipos,"21,738"
555,Guiuan,"53,361"
556,Gumaca,"73,877"
557,Gutalac,"36,090"
558,Hadji Mohammad Ajul,"24,625"
559,Hadji Muhtamad,"26,867"
560,Hadji Panglima Tahil,"6,375"
561,Hagonoy (BU),"133,448"
562,Hagonoy (DS),"56,919"
563,Hamtic,"48,592"
564,Hermosa,"77,443"
565,Hernani,"8,573"
566,Hilongos,"71,284"
567,Himamaylan,"120,128"
568,Hinabangan,"13,673"
569,Hinatuan,"43,841"
570,Hindang,"20,924"
571,Hingyon,"9,227"
572,Hinigaran,"85,602"
573,Hinobaan,"62,655"
574,Hinunangan,"29,149"
575,Hinundayan,"12,398"
576,Hungduan,"9,400"
577,Iba,"55,581"
578,Ibaan,"58,507"
579,Ibajay,"52,364"
580,Igacos,"104,123"
581,Igbaras,"32,197"
582,Iguig,"31,862"
583,Ilagan,"163,482"
584,Iligan,"363,115"
585,Ilog,"57,389"
586,Iloilo,"457,626"
587,Imelda,"26,020"
588,Impasug-Ong,"47,859"
589,Imus,"403,785"
590,Inabanga,"45,880"
591,Indanan,"80,883"
592,Indang,"65,599"
593,Infanta (PS),"24,584"
594,Infanta (QN),"69,079"
595,Initao,"32,370"
596,Inopacan,"20,550"
597,Ipil,"89,401"
598,Iriga,"111,757"
599,Irosin,"56,267"
600,Isabel,"46,915"
601,Isabela (BAS),"130,379"
602,Isabela (NO),"62,146"
603,Isulan,"90,682"
604,Itbayat,"2,867"
605,Itogon,"59,820"
606,Ivana,"1,327"
607,Ivisan,"31,278"
608,Jabonga,"24,855"
609,Jaen,"79,189"
610,Jagna,"33,892"
611,Jalajala,"34,017"
612,Jamindan,"38,670"
613,Janiuay,"66,786"
614,Jaro,"43,199"
615,Jasaan,"54,478"
616,Javier,"25,379"
617,Jiabong,"18,342"
618,Jimalalud,"30,945"
619,Jimenez,"28,909"
620,Jipapad,"8,439"
621,Jolo,"125,564"
622,Jomalig,"7,417"
623,Jones,"49,237"
624,Jordan,"36,096"
625,Jose Abad Santos,"76,332"
626,Jose Dalman,"28,881"
627,Jose Panganiban,"63,662"
628,Josefina,"12,205"
629,Jovellar,"17,308"
630,Juban,"34,431"
631,Julita,"15,114"
632,Kabacan,"93,822"
633,Kabankalan,"181,977"
634,Kabasalan,"46,884"
635,Kabayan,"15,260"
636,Kabugao,"15,537"
637,Kabuntalan,"25,439"
638,Kadingilan,"33,778"
639,Kalamansig,"49,059"
640,Kalawit,"23,812"
641,Kalayaan (LA),"23,269"
642,Kalayaan (PN),184
643,Kalibo,"89,127"
644,Kalilangan,"41,601"
645,Kalingalan Caluang,"31,567"
646,Kananga,"56,575"
647,Kapai,"18,894"
648,Kapalong,"81,068"
649,Kapangan,"19,361"
650,Kapatagan (LN),"62,853"
651,Kapatagan (LS),"15,521"
652,Kasibu,"37,705"
653,Katipunan,"44,661"
654,Kauswagan,"26,278"
655,Kawayan,"20,455"
656,Kawit,"107,535"
657,Kayapa,"23,714"
658,Kiamba,"65,774"
659,Kiangan,"17,048"
660,Kibawe,"39,612"
661,Kiblawan,"48,897"
662,Kibungan,"17,292"
663,Kidapawan,"140,195"
664,Kinoguitan,"14,091"
665,Kitaotao,"50,260"
666,Kitcharao,"18,659"
667,Kolambugan,"27,005"
668,Koronadal,"174,942"
669,Kumalarang,"29,479"
670,La Carlota,"64,469"
671,La Castellana,"74,855"
672,La Libertad (NR),"38,602"
673,La Libertad (ZN),"8,119"
674,La Paz (AA),"15,437"
675,La Paz (AS),"28,217"
676,La Paz (LE),"19,998"
677,La Paz (TC),"68,952"
678,La Trinidad,"129,133"
679,Laak,"73,874"
680,Labangan,"44,262"
681,Labason,"43,934"
682,Labo,"111,135"
683,Labrador,"26,811"
684,Lacub,"3,403"
685,Lagangilang,"14,255"
686,Lagawe,"19,333"
687,Lagayan,"4,499"
688,Lagonglong,"27,441"
689,Lagonoy,"55,465"
690,Laguindingan,"26,363"
691,Lake Sebu,"87,442"
692,Lakewood,"21,559"
693,Lala,"73,425"
694,Lallo,"44,506"
695,Lambayong,"77,013"
696,Lambunao,"81,236"
697,Lamitan,"100,150"
698,Lamut,"25,279"
699,Langiden,"3,198"
700,Languyan,"37,096"
701,Lantapan,"61,776"
702,Lantawan,"31,040"
703,Lanuza,"13,642"
704,Laoac,"34,128"
705,Laoag,"111,125"
706,Laoang,"61,359"
707,Lapinig,"13,020"
708,Lapu Lapu,"497,604"
709,Lapuyan,"27,737"
710,Larena,"13,847"
711,Las Navas,"37,947"
712,Las Nieves,"30,240"
713,Las Pinas,"606,293"
714,Lasam,"39,135"
715,Laua-An,"26,072"
716,Laur,"38,263"
717,Laurel,"43,210"
718,Lavezares,"28,770"
719,Lawaan,"12,742"
720,Lazi,"22,488"
721,Lebak,"88,868"
722,Leganes,"34,725"
723,Legazpi,"209,533"
724,Lemery (BS),"93,186"
725,Lemery (IO),"31,414"
726,Leon,"51,990"
727,Leyte,"40,639"
728,Lezo,"15,639"
729,Lian,"52,660"
730,Lianga,"33,869"
731,Libacao,"28,272"
732,Libagon,"15,244"
733,Libertad (AE),"16,429"
734,Libertad (MO),"12,354"
735,Libjo,"17,760"
736,Libmanan,"108,716"
737,Libon,"75,172"
738,Libona,"43,969"
739,Libungan,"48,768"
740,Licab,"29,269"
741,Licuan-Baay,"4,689"
742,Lidlidda,"4,647"
743,Ligao,"111,399"
744,Lila,"12,257"
745,Liliw,"39,491"
746,Liloan (CU),"153,197"
747,Liloan (SL),"24,800"
748,Liloy,"42,213"
749,Limasawa,"6,191"
750,Limay,"78,272"
751,Linamon,"21,269"
752,Linapacan,"15,668"
753,Lingayen,"107,728"
754,Lingig,"35,142"
755,Lipa,"400,000"
756,Llanera,"42,281"
757,Llorente,"20,149"
758,Loay,"16,691"
759,Lobo,"41,504"
760,Loboc,"17,418"
761,Looc (OM),"7,802"
762,Looc (RN),"21,799"
763,Loon,"43,034"
764,Lope De Vega,"14,904"
765,Lopez,"94,657"
766,Lopez Jaena,"25,055"
767,Loreto (AS),"42,501"
768,Loreto (DI),"9,309"
769,Los Banos,"112,008"
770,Luba,"6,339"
771,Lubang,"17,437"
772,Lubao,"173,502"
773,Lubuagan,"8,733"
774,Lucban,"51,475"
775,Lucena,"278,924"
776,Lugait,"21,033"
777,Lugus,"21,897"
778,Luisiana,"20,859"
779,Lumba-Bayabao,"36,151"
780,Lumbaca-Unayan,"7,260"
781,Lumban,"30,652"
782,Lumbatan,"19,105"
783,Lumbayanague,"16,372"
784,Luna (AO),"19,063"
785,Luna (IA),"20,697"
786,Luna (LU),"37,318"
787,Lupao,"45,917"
788,Lupi,"35,225"
789,Lupon,"66,979"
790,Lutayan,"63,029"
791,Luuk,"32,162"
792,Ma-Ayon,"40,827"
793,Maasim,"64,940"
794,Maasin (IO),"38,461"
795,Maasin (SL),"87,446"
796,Mabalacat,"293,244"
797,Mabinay,"78,864"
798,Mabini (BL),"27,171"
799,Mabini (BS),"50,670"
800,Mabini (CV),"41,102"
801,Mabini (PS),"26,454"
802,Mabitac,"20,530"
803,Mabuhay,"37,390"
804,Macabebe,"78,151"
805,Macalelon,"28,188"
806,Macarthur,"21,211"
807,Maco,"81,277"
808,Maconacon,"3,977"
809,Macrohon,"26,580"
810,Madalag,"18,890"
811,Madalum,"23,127"
812,Madamba,"17,756"
813,Maddela,"40,943"
814,Madrid,"16,653"
815,Madridejos,"36,429"
816,Magalang,"124,188"
817,Magallanes (AN),"22,293"
818,Magallanes (CE),"22,727"
819,Magallanes (SO),"37,411"
820,Magarao,"25,694"
821,Magdalena,"27,816"
822,Magdiwang,"15,385"
823,Magpet,"49,201"
824,Magsaysay (DS),"56,264"
825,Magsaysay (LN),"19,019"
826,Magsaysay (MO),"41,789"
827,Magsaysay (OM),"36,016"
828,Magsaysay (PN),"12,196"
829,Magsingal,"30,792"
830,Maguing,"24,531"
831,Mahaplag,"27,865"
832,Mahatao,"1,555"
833,Mahayag,"48,258"
834,Mahinog,"14,038"
835,Maigo,"21,666"
836,Maimbung,"37,914"
837,Mainit,"28,019"
838,Maitum,"44,595"
839,Majayjay,"27,792"
840,Makati,"629,616"
841,Makato,"29,717"
842,Makilala,"83,851"
843,Malabang,"43,957"
844,Malabon,"380,522"
845,Malabuyoc,"19,373"
846,Malalag,"40,022"
847,Malangas,"32,022"
848,Malapatan,"80,741"
849,Malasiqui,"130,275"
850,Malay,"60,077"
851,Malaybalay,"174,625"
852,Malibcong,"3,428"
853,Malilipot,"37,785"
854,Malimono,"18,054"
855,Malinao (AK),"24,517"
856,Malinao (AY),"45,301"
857,Malita,"117,746"
858,Malitbog (BK),"24,453"
859,Malitbog (SL),"23,256"
860,Mallig,"34,912"
861,Malolos,"261,189"
862,Malungon,"105,465"
863,Maluso,"45,730"
864,Malvar,"56,270"
865,Mamasapano,"27,807"
866,Mambajao,"41,094"
867,Mamburao,"42,975"
868,Mambusao,"40,690"
869,Manabo,"10,761"
870,Manaoag,"76,045"
871,Manapla,"56,217"
872,Manay,"39,572"
873,Mandaluyong,"425,758"
874,Mandaon,"41,262"
875,Mandaue,"402,000"
876,Mangaldan,"113,185"
877,Mangatarem,"73,241"
878,Mangudadatu,"26,203"
879,Manila,"184,651"
880,Manito,"24,707"
881,Manjuyod,"42,332"
882,Mankayan,"35,953"
883,Manolo Fortich,"100,210"
884,Mansalay,"54,533"
885,Manticao,"32,977"
886,Manukan,"36,887"
887,Mapanas,"14,025"
888,Mapandan,"38,234"
889,Mapun,"30,038"
890,Marabut,"16,962"
891,Maragondon,"37,720"
892,Maragusan,"60,842"
893,Maramag,"102,089"
894,Marantao,"32,974"
895,Marawi,"201,785"
896,Marcos,"18,010"
897,Margosatubig,"38,660"
898,Maria,"13,828"
899,Maria Aurora,"44,958"
900,Maribojoc,"20,688"
901,Marihatag,"19,441"
902,Marikina,"488,637"
903,Marilao,"254,453"
904,Maripipi,"6,713"
905,Mariveles,"149,879"
906,Marogong,"21,319"
907,Masantol,"57,990"
908,Masbate,"104,522"
909,Masinloc,"54,529"
910,Masiu,"29,176"
911,Maslog,"5,407"
912,Mataasnakahoy,"29,187"
913,Matag-Ob,"17,522"
914,Matalam,"79,361"
915,Matalom,"33,121"
916,Matanao,"56,755"
917,Matanog,"36,034"
918,Mati,"147,547"
919,Matnog,"49,989"
920,Matuguinao,"8,466"
921,Matungao,"14,756"
922,Mauban,"71,081"
923,Mawab,"37,065"
924,Mayantoc,"32,597"
925,Maydolong,"14,743"
926,Mayorga,"17,161"
927,Mayoyao,"17,331"
928,Medellin,"55,332"
929,Medina,"32,907"
930,Mendez,"34,879"
931,Mercedes,"50,841"
932,Mercedes (ES),"6,070"
933,Merida,"33,152"
934,Mexico,"173,403"
935,Meycauayan,"225,673"
936,Miag-ao,"68,115"
937,Midsalip,"33,711"
938,Midsayap,"151,684"
939,Milagros,"57,473"
940,Milaor,"31,150"
941,Mina,"24,042"
942,Minalabac,"52,390"
943,Minalin,"48,380"
944,Minglanilla,"132,135"
945,Mlang,"95,070"
946,Moalboal,"31,130"
947,Mobo,"38,813"
948,Mogpog,"34,043"
949,Moises Padilla,"41,386"
950,Molave,"53,140"
951,Moncada,"62,819"
952,Mondragon,"38,726"
953,Monkayo,"100,717"
954,Monreal,"26,614"
955,Montevista,"44,389"
956,Morong (BN),"35,394"
957,Morong (RL),"71,151"
958,Motiong,"15,276"
959,Mulanay,"53,123"
960,Mulondo,"16,067"
961,Munai,"32,973"
962,Muntinlupa,"543,445"
963,Murcia,"88,868"
964,Mutia,"11,726"
965,Naawan,"21,213"
966,Nabas,"40,632"
967,Nabua,"83,874"
968,Nabunturan,"82,234"
969,Naga (CS),"209,170"
970,Naga (CU),"115,750"
971,Naga (ZS),"41,743"
972,Nagbukel,"5,259"
973,Nagcarlan,"63,057"
974,Nagtipunan,"25,399"
975,Naguilian (IA),"33,788"
976,Naguilian (LU),"54,221"
977,Naic,"160,987"
978,Nampicuan,"14,471"
979,Narra,"73,212"
980,Narvacan,"44,006"
981,Nasipit,"41,957"
982,Nasugbu,"134,113"
983,Natividad,"24,299"
984,Natonin,"10,339"
985,Naujan,"102,998"
986,Naval,"58,187"
987,Navotas,"247,543"
988,New Bataan,"47,726"
989,New Corella,"54,844"
990,New Lucena,"24,314"
991,New Washington,"47,955"
992,Norala,"46,642"
993,Northern Kabuntalan,"26,277"
994,Norzagaray,"136,064"
995,Noveleta,"45,846"
996,Nueva Era,"11,968"
997,Nueva Valencia,"39,810"
998,Numancia,"35,693"
999,Nunungan,"18,367"
1000,Oas,"67,960"
1001,Obando,"59,978"
1002,Ocampo,"45,934"
1003,Odiongan,"45,367"
1004,Old Panamao,"40,998"
1005,Olongapo,"260,317"
1006,Olutanga,"38,438"
1007,Omar,"25,116"
1008,Opol,"66,327"
1009,Orani,"70,342"
1010,Oras,"36,540"
1011,Orion,"60,771"
1012,Ormoc,"215,031"
1013,Oroquieta,"72,992"
1014,Oslob,"27,893"
1015,Oton,"98,509"
1016,Ozamiz,"140,334"
1017,Padada,"29,583"
1018,Padre Burgos (QN),"22,460"
1019,Padre Burgos (SL),"11,159"
1020,Padre Garcia,"48,302"
1021,Paete,"25,096"
1022,Pagadian,"210,452"
1023,Pagagawan,"37,314"
1024,Pagalungan,"46,277"
1025,Pagayawan,"13,139"
1026,Pagbilao,"78,700"
1027,Paglat,"18,727"
1028,Pagsanghan,"7,959"
1029,Pagsanjan,"42,164"
1030,Pagudpud,"24,835"
1031,Pakil,"24,800"
1032,Palanan,"17,993"
1033,Palanas,"26,222"
1034,Palapag,"34,286"
1035,Palauig,"39,784"
1036,Palayan,"45,383"
1037,Palimbang,"90,424"
1038,Palo,"70,052"
1039,Palompon,"58,108"
1040,Paluan,"16,025"
1041,Pambujan,"35,532"
1042,Pamplona (CG),"23,596"
1043,Pamplona (CS),"39,333"
1044,Pamplona (NR),"37,596"
1045,Panabo,"194,977"
1046,Panaon,"10,209"
1047,Panay,"48,890"
1048,Pandag,"26,356"
1049,Pandami,"25,885"
1050,Pandan (AE),"34,333"
1051,Pandan (CT),"20,516"
1052,Pandi,"155,115"
1053,Panganiban,"9,713"
1054,Pangantucan,"53,126"
1055,Pangil,"25,026"
1056,Panglao,"33,553"
1057,Panglima Estino,"28,817"
1058,Panglima Sugala,"48,055"
1059,Pangutaran,"30,613"
1060,Paniqui,"103,003"
1061,Panitan,"42,565"
1062,Pantabangan,"31,763"
1063,Pantao Ragat,"27,866"
1064,Pantar,"21,773"
1065,Pantukan,"85,899"
1066,Panukulan,"16,376"
1067,Paoay,"25,001"
1068,Paombong,"55,696"
1069,Paracale,"59,149"
1070,Paracelis,"28,121"
1071,Paranaque,"701,101"
1072,Paranas,"32,374"
1073,Parang (MA),"102,914"
1074,Parang (SU),"62,172"
1075,Pasacao,"53,461"
1076,Pasay,"440,656"
1077,Pasig,"803,159"
1078,Pasil,"9,644"
1079,Passi,"88,873"
1080,Pastrana,"19,359"
1081,Pasuquin,"28,980"
1082,Pata,"22,163"
1083,Pateros,"63,840"
1084,Patikul,"62,287"
1085,Patnanungan,"14,606"
1086,Patnongon,"37,176"
1087,Pavia,"70,388"
1088,Payao,"34,952"
1089,Penablanca,"48,584"
1090,Penaranda,"32,269"
1091,Penarrubia,"6,640"
1092,Perez,"12,767"
1093,Piagapo,"25,440"
1094,Piat,"23,597"
1095,Picong,"16,615"
1096,Piddig,"21,497"
1097,Pidigan,"12,185"
1098,Pigcawayan,"66,796"
1099,Pikit,"154,441"
1100,Pila,"50,289"
1101,Pilar (AA),"10,223"
1102,Pilar (BL),"27,256"
1103,Pilar (BN),"46,239"
1104,Pilar (CU),"12,506"
1105,Pilar (CZ),"47,100"
1106,Pilar (SN),"9,752"
1107,Pilar (SO),"74,564"
1108,Pili,"89,545"
1109,Pililla,"71,535"
1110,Pinabacdao,"18,252"
1111,Pinamalayan,"86,172"
1112,Pinamungajan,"75,131"
1113,Pinan,"20,221"
1114,Pinili,"17,300"
1115,Pintuyan,"10,202"
1116,Pinukpuk,"34,275"
1117,Pio Duran,"46,693"
1118,Pio V Corpuz,"23,236"
1119,Pitogo (QN),"22,798"
1120,Pitogo (ZR),"27,516"
1121,Placer (MS),"55,826"
1122,Placer (SN),"27,094"
1123,Plaridel (BU),"114,432"
1124,Plaridel (MC),"40,324"
1125,Plaridel (QN),"10,129"
1126,Pola,"34,701"
1127,Polanco,"42,265"
1128,Polangui,"88,221"
1129,Polillo,"31,908"
1130,Polomolok,"172,605"
1131,Pontevedra (CZ),"46,428"
1132,Pontevedra (NO),"54,502"
1133,Poona Bayabao,"22,227"
1134,Poona Piagapo,"27,018"
1135,Porac,"140,751"
1136,Poro,"25,212"
1137,Pototan,"78,298"
1138,Pozorrubio,"74,729"
1139,Presentacion,"22,591"
1140,President Garcia,"23,356"
1141,President Quirino,"41,408"
1142,President Roxas (CZ),"31,269"
1143,President Roxas (NC),"47,575"
1144,Prieto Diaz,"22,442"
1145,Prosperidad,"82,631"
1146,Pualas,"12,866"
1147,Pudtol,"14,925"
1148,Puerto Galera,"36,606"
1149,Puerto Princesa,"307,079"
1150,Pugo,"19,690"
1151,Pulilan,"108,836"
1152,Pulupandan,"27,735"
1153,Pura,"25,781"
1154,Quezon (BK),"104,116"
1155,Quezon (IA),"29,299"
1156,Quezon (MM),"2,960,048"
1157,Quezon (NE),"41,845"
1158,Quezon (NV),"21,056"
1159,Quezon (PN),"60,980"
1160,Quezon (QN),"15,228"
1161,Quinapondan,"14,779"
1162,Quirino (IA),"24,501"
1163,Quirino (IS),"8,573"
1164,R.T. Lim,"43,575"
1165,Ragay,"58,214"
1166,Rajah Buayan,"27,832"
1167,Ramon,"56,523"
1168,Ramon Magsaysay,"27,280"
1169,Ramos,"22,879"
1170,Rapu-Rapu,"36,920"
1171,Real,"35,979"
1172,Reina Mercedes,"27,900"
1173,Remedios T. Romualdez,"16,058"
1174,Rizal (CG),"17,994"
1175,Rizal (KA),"20,550"
1176,Rizal (LA),"18,332"
1177,Rizal (NE),"70,196"
1178,Rizal (OM),"38,263"
1179,Rizal (PN),"50,096"
1180,Rizal (ZN),"15,052"
1181,Rodriguez,"443,954"
1182,Romblon,"40,554"
1183,Ronda,"20,360"
1184,Rosales,"75,353"
1185,Rosario (AS),"46,683"
1186,Rosario (BS),"116,764"
1187,Rosario (CE),"110,706"
1188,Rosario (LU),"55,458"
1189,Rosario (NS),"10,520"
1190,Roxas (CZ),"179,292"
1191,Roxas (IA),"65,839"
1192,Roxas (OR),"53,201"
1193,Roxas (PN),"65,358"
1194,Roxas (ZN),"39,198"
1195,Sabangan,"9,315"
1196,Sablan,"11,457"
1197,Sablayan,"83,169"
1198,Sabtang,"1,621"
1199,Sadanga,"8,799"
1200,Sagada,"11,127"
1201,Sagay (CM),"12,826"
1202,Sagay (NO),"146,264"
1203,Sagbayan,"22,339"
1204,Sagnay,"34,546"
1205,Saguday,"17,137"
1206,Saguiaran,"24,619"
1207,Saint Bernard,"28,414"
1208,Salay,"36,993"
1209,Salcedo (ES),"22,532"
1210,Salcedo (IS),"11,288"
1211,Sallapadan,"6,622"
1212,Salug,"32,134"
1213,Salvador,"31,845"
1214,Salvador Benedicto,"25,662"
1215,Samal,"38,302"
1216,Samboan,"20,373"
1217,Sampaloc,"13,907"
1218,San Agustin (IA),"22,880"
1219,San Agustin (RN),"24,115"
1220,San Agustin (SS),"22,855"
1221,San Andres (CT),"38,480"
1222,San Andres (QN),"35,780"
1223,San Andres (RN),"15,940"
1224,San Antonio (NE),"83,060"
1225,San Antonio (NS),"9,058"
1226,San Antonio (QN),"35,891"
1227,San Antonio (ZA),"37,450"
1228,San Benito,"5,404"
1229,San Carlos (NO),"132,650"
1230,San Carlos (PS),"205,424"
1231,San Clemente,"13,181"
1232,San Dionisio,"39,048"
1233,San Emilio,"7,407"
1234,San Enrique (IO),"36,911"
1235,San Enrique (NO),"23,907"
1236,San Esteban,"8,349"
1237,San Fabian,"87,428"
1238,San Felipe,"25,033"
1239,San Fernando (BK),"56,138"
1240,San Fernando (CS),"35,258"
1241,San Fernando (CU),"72,224"
1242,San Fernando (LU),"121,812"
1243,San Fernando (MS),"23,057"
1244,San Fernando (PA),"354,666"
1245,San Fernando (RN),"23,271"
1246,San Francisco (AS),"74,542"
1247,San Francisco (CU),"55,180"
1248,San Francisco (QN),"62,097"
1249,San Francisco (SL),"13,436"
1250,San Francisco (SN),"14,552"
1251,San Gabriel,"18,172"
1252,San Guillermo,"20,200"
1253,San Ildefonso (BU),"115,713"
1254,San Ildefonso (IS),"7,787"
1255,San Isidro (AA),"4,574"
1256,San Isidro (BL),"8,744"
1257,San Isidro (DN),"27,233"
1258,San Isidro (DO),"36,032"
1259,San Isidro (IA),"28,129"
1260,San Isidro (LE),"31,641"
1261,San Isidro (NE),"54,372"
1262,San Isidro (NS),"26,650"
1263,San Isidro (SN),"7,325"
1264,San Jacinto (MS),"30,372"
1265,San Jacinto (PS),"40,848"
1266,San Joaquin,"52,617"
1267,San Jorge,"17,184"
1268,San Jose (AE),"65,140"
1269,San Jose (BS),"76,971"
1270,San Jose (CS),"43,623"
1271,San Jose (DI),"27,487"
1272,San Jose (NE),"41,182"
1273,San Jose (NR),"20,413"
1274,San Jose (NS),"17,561"
1275,San Jose (OM),"143,430"
1276,San Jose (RN),"10,881"
1277,San Jose (TC),"150,917"
1278,San Jose De Buan,"7,767"
1279,San Jose Del Monte,"651,813"
1280,San Juan (AA),"9,867"
1281,San Juan (BS),"114,068"
1282,San Juan (IS),"26,411"
1283,San Juan (LU),"47,291"
1284,San Juan (MM),"133,959"
1285,San Juan (SL),"14,912"
1286,San Juan (SR),"14,854"
1287,San Julian,"14,498"
1288,San Leonardo,"68,536"
1289,San Lorenzo,"26,112"
1290,San Lorenzo Ruiz,"15,199"
1291,San Luis (AS),"32,109"
1292,San Luis (AU),"29,824"
1293,San Luis (BS),"33,149"
1294,San Luis (PA),"58,551"
1295,San Manuel (IA),"34,657"
1296,San Manuel (PS),"52,939"
1297,San Manuel (TC),"28,387"
1298,San Marcelino,"37,719"
1299,San Mariano,"60,124"
1300,San Mateo (IA),"66,835"
1301,San Mateo (RL),"273,306"
1302,San Miguel (BL),"25,356"
1303,San Miguel (BU),"172,073"
1304,San Miguel (CT),"15,006"
1305,San Miguel (IO),"30,115"
1306,San Miguel (LE),"19,420"
1307,San Miguel (SS),"41,809"
1308,San Miguel (ZR),"19,838"
1309,San Narciso (QN),"48,461"
1310,San Narciso (ZA),"30,759"
1311,San Nicolas (BS),"22,623"
1312,San Nicolas (IN),"36,736"
1313,San Nicolas (PS),"35,574"
1314,San Pablo (IA),"25,384"
1315,San Pablo (LA),"285,348"
1316,San Pablo (ZR),"26,648"
1317,San Pascual (BS),"69,009"
1318,San Pascual (MS),"46,674"
1319,San Pedro,"326,001"
1320,San Policarpo,"14,687"
1321,San Quintin (AA),"5,438"
1322,San Quintin (PS),"32,945"
1323,San Rafael (BU),"103,097"
1324,San Rafael (IO),"17,795"
1325,San Remigio (AE),"31,935"
1326,San Remigio (CU),"57,557"
1327,San Ricardo,"10,500"
1328,San Roque,"30,580"
1329,San Sebastian,"8,057"
1330,San Simon,"59,182"
1331,San Teodoro,"17,904"
1332,San Vicente (CN),"12,579"
1333,San Vicente (IS),"12,758"
1334,San Vicente (NS),"6,928"
1335,San Vicente (PN),"31,232"
1336,Sanchez-Mira,"24,541"
1337,Santa,"15,340"
1338,Santa Ana (CG),"32,906"
1339,Santa Ana (PA),"61,537"
1340,Santa Barbara (IO),"67,630"
1341,Santa Barbara (PS),"82,012"
1342,Santa Catalina (IS),"13,945"
1343,Santa Catalina (NR),"75,756"
1344,Santa Cruz (DS),"101,125"
1345,Santa Cruz (IS),"39,868"
1346,Santa Cruz (LA),"123,574"
1347,Santa Cruz (ME),"56,408"
1348,Santa Cruz (OM),"42,417"
1349,Santa Cruz (ZA),"63,839"
1350,Santa Elena,"40,786"
1351,Santa Fe (CU),"28,603"
1352,Santa Fe (LE),"21,674"
1353,Santa Fe (NV),"16,180"
1354,Santa Fe (RN),"16,098"
1355,Santa Ignacia,"51,626"
1356,Santa Josefa,"26,729"
1357,Santa Lucia,"25,402"
1358,Santa Magdalena,"16,848"
1359,Santa Marcela,"13,613"
1360,Santa Margarita,"26,348"
1361,Santa Maria (BU),"289,820"
1362,Santa Maria (DS),"54,433"
1363,Santa Maria (IA),"25,758"
1364,Santa Maria (Imelda),"8,989"
1365,Santa Maria (IS),"30,321"
1366,Santa Maria (LA),"40,487"
1367,Santa Maria (PS),"34,220"
1368,Santa Monica,"9,423"
1369,Santa Praxedes,"4,154"
1370,Santa Rita (PA),"48,209"
1371,Santa Rita (WS),"41,591"
1372,Santa Rosa (LA),"414,812"
1373,Santa Rosa (NE),"75,649"
1374,Santa Teresita (BS),"21,559"
1375,Santa Teresita (CG),"19,038"
1376,Santander,"17,857"
1377,Santiago (AN),"28,657"
1378,Santiago (IA),"148,580"
1379,Santiago (IS),"18,759"
1380,Santo Domingo (AY),"34,967"
1381,Santo Domingo (IS),"30,678"
1382,Santo Domingo (NE),"61,092"
1383,Santo Nino (CG),"27,219"
1384,Santo Nino (SC),"40,947"
1385,Santo Nino (WS),"13,923"
1386,Santo Tomas (BS),"218,500"
1387,Santo Tomas (DN),"126,112"
1388,Santo Tomas (IA),"24,582"
1389,Santo Tomas (LU),"43,596"
1390,Santo Tomas (PA),"42,846"
1391,Santo Tomas (PS),"15,022"
1392,Santol,"12,476"
1393,Sapa-Sapa,"33,580"
1394,Sapad,"21,309"
1395,Sapang Dalaga,"19,983"
1396,Sapi-An,"26,697"
1397,Sara,"54,637"
1398,Sarangani,"24,039"
1399,Sariaya,"148,980"
1400,Sarrat,"25,212"
1401,Sasmuan,"30,243"
1402,Science City of Munoz,"84,308"
1403,Sebaste,"17,907"
1404,Senator Ninoy Aquino,"46,882"
1405,Sergio Osmena,"31,942"
1406,Sevilla,"11,376"
1407,Shariff Aguak,"33,982"
1408,Shariff Saydona Mustapha,"25,080"
1409,Siasi,"67,705"
1410,Siaton,"77,696"
1411,Siay,"40,585"
1412,Siayan,"36,236"
1413,Sibagat,"30,442"
1414,Sibalom,"60,306"
1415,Sibonga,"48,186"
1416,Sibuco,"36,049"
1417,Sibulan,"59,455"
1418,Sibunag,"22,158"
1419,Sibutad,"17,453"
1420,Sibutu,"34,243"
1421,Sierra Bullones,"24,745"
1422,Sigay,"2,737"
1423,Sigma,"30,134"
1424,Sikatuna,"6,906"
1425,Silago,"13,116"
1426,Silang,"295,644"
1427,Silay,"130,478"
1428,Silvino Lobos,"15,299"
1429,Simunul,"34,245"
1430,Sinacaban,"19,671"
1431,Sinait,"25,640"
1432,Sindangan,"103,952"
1433,Siniloan,"42,746"
1434,Siocon,"48,524"
1435,Sipalay,"72,448"
1436,Sipocot,"64,855"
1437,Siquijor,"26,861"
1438,Sirawai,"31,163"
1439,Siruma,"19,419"
1440,Sison (PS),"52,320"
1441,Sison (SN),"14,290"
1442,Sitangkai,"37,319"
1443,Socorro (OR),"39,099"
1444,Socorro (SN),"22,314"
1445,Sofronio Espanola,"32,876"
1446,Sogod (CU),"35,108"
1447,Sogod (SL),"47,552"
1448,Solana,"85,581"
1449,Solano,"59,517"
1450,Solsona,"24,851"
1451,Sominot,"19,061"
1452,Sorsogon,"182,237"
1453,South Ubian,"29,583"
1454,South Upi,"43,197"
1455,Sual,"39,091"
1456,Subic,"111,912"
1457,Sudipen,"17,056"
1458,Sugbongcogon,"9,764"
1459,Sugpon,"4,930"
1460,Sulat,"15,377"
1461,Sulop,"33,613"
1462,Sultan Dumalondong,"12,500"
1463,Sultan Kudarat,"105,121"
1464,Sultan Mastura,"25,331"
1465,Sultan Naga Dimaporo,"56,764"
1466,Sultan Sa Barongis,"22,425"
1467,Sumilao,"27,660"
1468,Sumisip,"47,345"
1469,Surallah,"92,011"
1470,Surigao,"171,107"
1471,Suyo,"11,880"
1472,T'boli,"91,453"
1473,Taal,"61,460"
1474,Tabaco,"133,868"
1475,Tabango,"34,195"
1476,Tabina,"25,734"
1477,Tabogon,"41,432"
1478,Tabontabon,"11,204"
1479,Tabuan-Lasa,"29,327"
1480,Tabuelan,"25,630"
1481,Tabuk,"110,642"
1482,Tacloban,"242,089"
1483,Tacurong,"98,316"
1484,Tadian,"19,389"
1485,Taft,"18,786"
1486,Tagana-An,"16,428"
1487,Tagapul-An,"8,473"
1488,Tagaytay,"71,181"
1489,Tagbilaran,"105,051"
1490,Tagbina,"41,051"
1491,Tagkawayan,"54,003"
1492,Tago,"39,831"
1493,Tagoloan (LN),"13,253"
1494,Tagoloan (MO),"73,150"
1495,Tagoloan Ii,"11,169"
1496,Tagudin,"39,277"
1497,Taguig,"804,915"
1498,Tagum,"296,202"
1499,Talacogon,"43,353"
1500,Talaingod,"27,482"
1501,Talakag,"71,644"
1502,Talalora,"8,057"
1503,Talavera,"132,338"
1504,Talayan,"34,156"
1505,Talibon,"71,272"
1506,Talipao,"80,255"
1507,Talisay  (CU),"227,645"
1508,Talisay (BS),"45,301"
1509,Talisay (CN),"25,841"
1510,Talisay (NO),"108,909"
1511,Talisayan,"27,756"
1512,Talitay,"17,463"
1513,Talugtug,"25,236"
1514,Talusan,"27,873"
1515,Tambulig,"37,480"
1516,Tampakan,"39,525"
1517,Tamparan,"25,874"
1518,Tampilisan,"24,680"
1519,Tanauan (BS),"173,366"
1520,Tanauan (LE),"55,021"
1521,Tanay,"117,830"
1522,Tandag,"62,669"
1523,Tandubas,"34,316"
1524,Tangalan,"23,704"
1525,Tangcal,"15,181"
1526,Tangub,"68,389"
1527,Tanjay,"80,532"
1528,Tantangan,"43,245"
1529,Tanudan,"8,746"
1530,Tanza,"312,116"
1531,Tapaz,"51,313"
1532,Tapul,"18,197"
1533,Taraka,"23,644"
1534,Tarangnan,"24,992"
1535,Tarlac,"385,398"
1536,Tarragona,"26,225"
1537,Tayabas,"112,658"
1538,Tayasan,"35,470"
1539,Taysan,"38,007"
1540,Taytay (PN),"75,165"
1541,Taytay (RL),"319,104"
1542,Tayug,"45,241"
1543,Tayum,"14,467"
1544,Teresa,"57,755"
1545,Ternate,"24,654"
1546,Tiaong,"106,265"
1547,Tibiao,"29,073"
1548,Tigaon,"55,272"
1549,Tigbao,"21,675"
1550,Tigbauan,"65,245"
1551,Tinambac,"67,572"
1552,Tineg,"5,097"
1553,Tinglayan,"12,868"
1554,Tingloy,"17,919"
1555,Tinoc,"18,457"
1556,Tipo-Tipo,"25,531"
1557,Titay,"53,994"
1558,Tiwi,"53,120"
1559,Tobias Fornier,"33,046"
1560,Toboso,"43,445"
1561,Toledo,"270,024"
1562,Tolosa,"20,978"
1563,Tomas Oppus,"16,990"
1564,Tongkil,"24,161"
1565,Torrijos,"30,524"
1566,Trece Martires,"210,503"
1567,Trento,"54,492"
1568,Trinidad,"31,956"
1569,Tuao,"61,535"
1570,Tuba,"47,648"
1571,Tubajon,"8,276"
1572,Tubao,"34,761"
1573,Tubaran,"14,749"
1574,Tubay,"25,785"
1575,Tubigon,"45,893"
1576,Tublay,"17,892"
1577,Tubo,"5,699"
1578,Tubod (LN),"50,073"
1579,Tubod (SN),"15,467"
1580,Tubungan,"23,021"
1581,Tuburan (BA),"24,742"
1582,Tuburan (CU),"63,866"
1583,Tudela (CU),"11,296"
1584,Tudela (MC),"28,599"
1585,Tugaya,"24,778"
1586,Tuguegarao,"159,230"
1587,Tukuran,"42,429"
1588,Tulunan,"56,513"
1589,Tumauini,"84,297"
1590,Tunga,"7,656"
1591,Tungawan,"46,497"
1592,Tupi,"69,976"
1593,Turtle Islands,"5,683"
1594,Tuy,"46,519"
1595,Ubay,"73,712"
1596,Umingan,"77,074"
1597,Ungkaya Pukan,"24,016"
1598,Unisan,"25,448"
1599,Upi,"59,004"
1600,Urbiztondo,"55,557"
1601,Urdaneta,"144,577"
1602,Uson,"56,168"
1603,Uyugan,"1,297"
1604,Valderrama,"19,971"
1605,Valencia (BK),"192,993"
1606,Valencia (BL),"27,126"
1607,Valencia (NR),"34,852"
1608,Valenzuela,"714,978"
1609,Valladolid,"39,996"
1610,Vallehermoso,"38,259"
1611,Veruela,"46,225"
1612,Victoria (LA),"46,007"
1613,Victoria (NS),"14,817"
1614,Victoria (OR),"50,492"
1615,Victoria (TC),"69,370"
1616,Victorias,"87,933"
1617,Viga,"21,624"
1618,Vigan,"53,935"
1619,Villaba,"42,653"
1620,Villanueva,"40,419"
1621,Villareal,"28,230"
1622,Villasis,"65,047"
1623,Villaverde,"18,507"
1624,Villaviciosa,"5,392"
1625,Vincenzo A Sagun,"24,852"
1626,Vintar,"32,220"
1627,Vinzons,"43,485"
1628,Virac,"73,650"
1629,Wao,"45,862"
1630,Zamboanga,"977,234"
1631,Zamboanguita,"27,552"
1632,Zaragoza,"53,090"
1633,Zarraga,"27,305"
1634,Zumarraga,"16,936"
